Gene,Non-unique Gene name,Annotation,ISO01,ISO02,ISO03,ISO04,ISO05,ISO06,ISO07,ISO08,ISO09,ISO10,ISO11,ISO12,ISO13,ISO14,ISO15,ISO16,ISO17,ISO18,ISO19,ISO20,GCF_000005845.2,GCF_000010485.1
core_001,,conserved protein,ISO01_0001,ISO02_0001,ISO03_0001,ISO04_0001,ISO05_0001,ISO06_0001,ISO07_0001,ISO08_0001,ISO09_0001,ISO10_0001,ISO11_0001,ISO12_0001,ISO13_0001,ISO14_0001,ISO15_0001,ISO16_0001,ISO17_0001,ISO18_0001,ISO19_0001,ISO20_0001,GCF_000005845.2_0001,GCF_000010485.1_0001
core_002,,conserved protein,ISO01_0002,ISO02_0002,ISO03_0002,ISO04_0002,ISO05_0002,ISO06_0002,ISO07_0002,ISO08_0002,ISO09_0002,ISO10_0002,ISO11_0002,ISO12_0002,ISO13_0002,ISO14_0002,ISO15_0002,ISO16_0002,ISO17_0002,ISO18_0002,ISO19_0002,ISO20_0002,GCF_000005845.2_0002,GCF_000010485.1_0002
core_003,,conserved protein,ISO01_0003,ISO02_0003,ISO03_0003,ISO04_0003,ISO05_0003,ISO06_0003,ISO07_0003,ISO08_0003,ISO09_0003,ISO10_0003,ISO11_0003,ISO12_0003,ISO13_0003,ISO14_0003,ISO15_0003,ISO16_0003,ISO17_0003,ISO18_0003,ISO19_0003,ISO20_0003,GCF_000005845.2_0003,GCF_000010485.1_0003
core_004,,conserved protein,ISO01_0004,ISO02_0004,ISO03_0004,ISO04_0004,ISO05_0004,ISO06_0004,ISO07_0004,ISO08_0004,ISO09_0004,ISO10_0004,ISO11_0004,ISO12_0004,ISO13_0004,ISO14_0004,ISO15_0004,ISO16_0004,ISO17_0004,ISO18_0004,ISO19_0004,ISO20_0004,GCF_000005845.2_0004,GCF_000010485.1_0004
core_005,,conserved protein,ISO01_0005,ISO02_0005,ISO03_0005,ISO04_0005,ISO05_0005,ISO06_0005,ISO07_0005,ISO08_0005,ISO09_0005,ISO10_0005,ISO11_0005,ISO12_0005,ISO13_0005,ISO14_0005,ISO15_0005,ISO16_0005,ISO17_0005,ISO18_0005,ISO19_0005,ISO20_0005,GCF_000005845.2_0005,GCF_000010485.1_0005
core_006,,conserved protein,ISO01_0006,ISO02_0006,ISO03_0006,ISO04_0006,ISO05_0006,ISO06_0006,ISO07_0006,ISO08_0006,ISO09_0006,ISO10_0006,ISO11_0006,ISO12_0006,ISO13_0006,ISO14_0006,ISO15_0006,ISO16_0006,ISO17_0006,ISO18_0006,ISO19_0006,ISO20_0006,GCF_000005845.2_0006,GCF_000010485.1_0006
core_007,,conserved protein,ISO01_0007,ISO02_0007,ISO03_0007,ISO04_0007,ISO05_0007,ISO06_0007,ISO07_0007,ISO08_0007,ISO09_0007,,ISO11_0007,ISO12_0007,ISO13_0007,ISO14_0007,ISO15_0007,ISO16_0007,ISO17_0007,ISO18_0007,ISO19_0007,ISO20_0007,GCF_000005845.2_0007,GCF_000010485.1_0007
core_008,,conserved protein,ISO01_0008,ISO02_0008,ISO03_0008,ISO04_0008,ISO05_0008,ISO06_0008,ISO07_0008,ISO08_0008,ISO09_0008,ISO10_0008,ISO11_0008,ISO12_0008,ISO13_0008,ISO14_0008,ISO15_0008,ISO16_0008,ISO17_0008,ISO18_0008,ISO19_0008,ISO20_0008,GCF_000005845.2_0008,GCF_000010485.1_0008
core_009,,conserved protein,ISO01_0009,ISO02_0009,ISO03_0009,ISO04_0009,ISO05_0009,ISO06_0009,ISO07_0009,ISO08_0009,ISO09_0009,ISO10_0009,ISO11_0009,ISO12_0009,ISO13_0009,ISO14_0009,ISO15_0009,ISO16_0009,ISO17_0009,ISO18_0009,ISO19_0009,ISO20_0009,GCF_000005845.2_0009,GCF_000010485.1_0009
core_010,,conserved protein,ISO01_0010,ISO02_0010,ISO03_0010,ISO04_0010,ISO05_0010,ISO06_0010,ISO07_0010,ISO08_0010,ISO09_0010,ISO10_0010,ISO11_0010,ISO12_0010,ISO13_0010,ISO14_0010,ISO15_0010,ISO16_0010,ISO17_0010,ISO18_0010,ISO19_0010,ISO20_0010,GCF_000005845.2_0010,GCF_000010485.1_0010
core_011,,conserved protein,ISO01_0011,ISO02_0011,ISO03_0011,ISO04_0011,ISO05_0011,ISO06_0011,ISO07_0011,ISO08_0011,ISO09_0011,ISO10_0011,ISO11_0011,ISO12_0011,ISO13_0011,ISO14_0011,ISO15_0011,ISO16_0011,ISO17_0011,ISO18_0011,ISO19_0011,ISO20_0011,GCF_000005845.2_0011,GCF_000010485.1_0011
core_012,,conserved protein,ISO01_0012,ISO02_0012,ISO03_0012,ISO04_0012,ISO05_0012,ISO06_0012,ISO07_0012,ISO08_0012,ISO09_0012,ISO10_0012,ISO11_0012,ISO12_0012,ISO13_0012,ISO14_0012,ISO15_0012,ISO16_0012,ISO17_0012,ISO18_0012,ISO19_0012,,GCF_000005845.2_0012,GCF_000010485.1_0012
core_013,,conserved protein,ISO01_0013,ISO02_0013,ISO03_0013,ISO04_0013,ISO05_0013,ISO06_0013,ISO07_0013,ISO08_0013,ISO09_0013,ISO10_0013,ISO11_0013,ISO12_0013,ISO13_0013,ISO14_0013,ISO15_0013,ISO16_0013,ISO17_0013,ISO18_0013,ISO19_0013,ISO20_0013,GCF_000005845.2_0013,GCF_000010485.1_0013
core_014,,conserved protein,ISO01_0014,ISO02_0014,ISO03_0014,ISO04_0014,ISO05_0014,ISO06_0014,ISO07_0014,ISO08_0014,ISO09_0014,ISO10_0014,ISO11_0014,ISO12_0014,ISO13_0014,ISO14_0014,ISO15_0014,ISO16_0014,ISO17_0014,ISO18_0014,ISO19_0014,ISO20_0014,GCF_000005845.2_0014,GCF_000010485.1_0014
core_015,,conserved protein,ISO01_0015,ISO02_0015,ISO03_0015,ISO04_0015,ISO05_0015,ISO06_0015,ISO07_0015,ISO08_0015,ISO09_0015,ISO10_0015,ISO11_0015,ISO12_0015,ISO13_0015,ISO14_0015,ISO15_0015,ISO16_0015,ISO17_0015,ISO18_0015,ISO19_0015,ISO20_0015,GCF_000005845.2_0015,GCF_000010485.1_0015
core_016,,conserved protein,ISO01_0016,ISO02_0016,ISO03_0016,ISO04_0016,ISO05_0016,ISO06_0016,ISO07_0016,ISO08_0016,ISO09_0016,ISO10_0016,ISO11_0016,ISO12_0016,ISO13_0016,ISO14_0016,ISO15_0016,ISO16_0016,ISO17_0016,ISO18_0016,ISO19_0016,ISO20_0016,GCF_000005845.2_0016,GCF_000010485.1_0016
core_017,,conserved protein,ISO01_0017,ISO02_0017,ISO03_0017,ISO04_0017,ISO05_0017,ISO06_0017,ISO07_0017,ISO08_0017,ISO09_0017,ISO10_0017,ISO11_0017,ISO12_0017,ISO13_0017,ISO14_0017,ISO15_0017,ISO16_0017,ISO17_0017,ISO18_0017,ISO19_0017,ISO20_0017,GCF_000005845.2_0017,GCF_000010485.1_0017
core_018,,conserved protein,ISO01_0018,,ISO03_0018,ISO04_0018,ISO05_0018,ISO06_0018,ISO07_0018,ISO08_0018,ISO09_0018,ISO10_0018,ISO11_0018,ISO12_0018,ISO13_0018,ISO14_0018,ISO15_0018,ISO16_0018,ISO17_0018,ISO18_0018,ISO19_0018,ISO20_0018,GCF_000005845.2_0018,GCF_000010485.1_0018
core_019,,conserved protein,ISO01_0019,ISO02_0019,ISO03_0019,ISO04_0019,ISO05_0019,ISO06_0019,ISO07_0019,ISO08_0019,ISO09_0019,ISO10_0019,ISO11_0019,ISO12_0019,ISO13_0019,ISO14_0019,ISO15_0019,ISO16_0019,ISO17_0019,ISO18_0019,ISO19_0019,ISO20_0019,GCF_000005845.2_0019,GCF_000010485.1_0019
core_020,,conserved protein,ISO01_0020,ISO02_0020,ISO03_0020,,ISO05_0020,ISO06_0020,ISO07_0020,ISO08_0020,ISO09_0020,ISO10_0020,ISO11_0020,ISO12_0020,ISO13_0020,ISO14_0020,ISO15_0020,ISO16_0020,ISO17_0020,ISO18_0020,ISO19_0020,ISO20_0020,GCF_000005845.2_0020,GCF_000010485.1_0020
core_021,,conserved protein,ISO01_0021,ISO02_0021,ISO03_0021,ISO04_0021,ISO05_0021,ISO06_0021,ISO07_0021,ISO08_0021,ISO09_0021,ISO10_0021,ISO11_0021,ISO12_0021,ISO13_0021,ISO14_0021,ISO15_0021,ISO16_0021,ISO17_0021,ISO18_0021,ISO19_0021,ISO20_0021,GCF_000005845.2_0021,GCF_000010485.1_0021
core_022,,conserved protein,ISO01_0022,ISO02_0022,ISO03_0022,ISO04_0022,ISO05_0022,ISO06_0022,ISO07_0022,ISO08_0022,ISO09_0022,ISO10_0022,ISO11_0022,ISO12_0022,ISO13_0022,ISO14_0022,ISO15_0022,ISO16_0022,ISO17_0022,ISO18_0022,ISO19_0022,ISO20_0022,GCF_000005845.2_0022,GCF_000010485.1_0022
core_023,,conserved protein,ISO01_0023,ISO02_0023,ISO03_0023,ISO04_0023,ISO05_0023,ISO06_0023,ISO07_0023,ISO08_0023,ISO09_0023,ISO10_0023,ISO11_0023,ISO12_0023,ISO13_0023,ISO14_0023,ISO15_0023,ISO16_0023,ISO17_0023,ISO18_0023,ISO19_0023,ISO20_0023,GCF_000005845.2_0023,GCF_000010485.1_0023
core_024,,conserved protein,ISO01_0024,ISO02_0024,ISO03_0024,ISO04_0024,ISO05_0024,ISO06_0024,ISO07_0024,ISO08_0024,ISO09_0024,ISO10_0024,ISO11_0024,ISO12_0024,ISO13_0024,ISO14_0024,ISO15_0024,ISO16_0024,ISO17_0024,ISO18_0024,ISO19_0024,ISO20_0024,GCF_000005845.2_0024,GCF_000010485.1_0024
core_025,,conserved protein,ISO01_0025,ISO02_0025,ISO03_0025,ISO04_0025,ISO05_0025,ISO06_0025,ISO07_0025,ISO08_0025,ISO09_0025,ISO10_0025,ISO11_0025,ISO12_0025,ISO13_0025,ISO14_0025,ISO15_0025,ISO16_0025,ISO17_0025,ISO18_0025,ISO19_0025,ISO20_0025,GCF_000005845.2_0025,GCF_000010485.1_0025
core_026,,conserved protein,ISO01_0026,ISO02_0026,ISO03_0026,ISO04_0026,ISO05_0026,ISO06_0026,ISO07_0026,ISO08_0026,ISO09_0026,ISO10_0026,ISO11_0026,ISO12_0026,ISO13_0026,ISO14_0026,ISO15_0026,ISO16_0026,ISO17_0026,ISO18_0026,ISO19_0026,ISO20_0026,GCF_000005845.2_0026,GCF_000010485.1_0026
core_027,,conserved protein,ISO01_0027,ISO02_0027,ISO03_0027,ISO04_0027,ISO05_0027,ISO06_0027,ISO07_0027,ISO08_0027,ISO09_0027,ISO10_0027,ISO11_0027,ISO12_0027,ISO13_0027,ISO14_0027,ISO15_0027,ISO16_0027,ISO17_0027,ISO18_0027,ISO19_0027,ISO20_0027,GCF_000005845.2_0027,GCF_000010485.1_0027
core_028,,conserved protein,ISO01_0028,ISO02_0028,ISO03_0028,ISO04_0028,ISO05_0028,ISO06_0028,ISO07_0028,ISO08_0028,ISO09_0028,ISO10_0028,ISO11_0028,ISO12_0028,ISO13_0028,ISO14_0028,ISO15_0028,ISO16_0028,ISO17_0028,ISO18_0028,ISO19_0028,ISO20_0028,GCF_000005845.2_0028,GCF_000010485.1_0028
core_029,,conserved protein,ISO01_0029,ISO02_0029,ISO03_0029,ISO04_0029,ISO05_0029,ISO06_0029,ISO07_0029,ISO08_0029,ISO09_0029,ISO10_0029,ISO11_0029,ISO12_0029,ISO13_0029,ISO14_0029,ISO15_0029,ISO16_0029,ISO17_0029,ISO18_0029,ISO19_0029,ISO20_0029,GCF_000005845.2_0029,GCF_000010485.1_0029
core_030,,conserved protein,ISO01_0030,ISO02_0030,ISO03_0030,ISO04_0030,ISO05_0030,ISO06_0030,ISO07_0030,ISO08_0030,ISO09_0030,ISO10_0030,ISO11_0030,ISO12_0030,ISO13_0030,ISO14_0030,ISO15_0030,ISO16_0030,ISO17_0030,ISO18_0030,ISO19_0030,ISO20_0030,GCF_000005845.2_0030,GCF_000010485.1_0030
core_031,,conserved protein,ISO01_0031,ISO02_0031,ISO03_0031,ISO04_0031,ISO05_0031,ISO06_0031,ISO07_0031,ISO08_0031,ISO09_0031,ISO10_0031,ISO11_0031,ISO12_0031,ISO13_0031,ISO14_0031,ISO15_0031,ISO16_0031,ISO17_0031,ISO18_0031,ISO19_0031,ISO20_0031,GCF_000005845.2_0031,GCF_000010485.1_0031
core_032,,conserved protein,ISO01_0032,ISO02_0032,ISO03_0032,ISO04_0032,ISO05_0032,ISO06_0032,ISO07_0032,ISO08_0032,ISO09_0032,ISO10_0032,ISO11_0032,ISO12_0032,ISO13_0032,ISO14_0032,ISO15_0032,ISO16_0032,ISO17_0032,ISO18_0032,,ISO20_0032,GCF_000005845.2_0032,GCF_000010485.1_0032
core_033,,conserved protein,ISO01_0033,ISO02_0033,ISO03_0033,ISO04_0033,ISO05_0033,ISO06_0033,ISO07_0033,ISO08_0033,ISO09_0033,ISO10_0033,ISO11_0033,ISO12_0033,,ISO14_0033,ISO15_0033,ISO16_0033,ISO17_0033,ISO18_0033,ISO19_0033,ISO20_0033,GCF_000005845.2_0033,GCF_000010485.1_0033
core_034,,conserved protein,ISO01_0034,ISO02_0034,ISO03_0034,ISO04_0034,ISO05_0034,ISO06_0034,ISO07_0034,ISO08_0034,ISO09_0034,ISO10_0034,ISO11_0034,ISO12_0034,ISO13_0034,ISO14_0034,ISO15_0034,ISO16_0034,ISO17_0034,ISO18_0034,ISO19_0034,ISO20_0034,GCF_000005845.2_0034,GCF_000010485.1_0034
core_035,,conserved protein,ISO01_0035,ISO02_0035,ISO03_0035,ISO04_0035,ISO05_0035,ISO06_0035,ISO07_0035,ISO08_0035,ISO09_0035,ISO10_0035,ISO11_0035,ISO12_0035,ISO13_0035,ISO14_0035,ISO15_0035,ISO16_0035,ISO17_0035,ISO18_0035,ISO19_0035,ISO20_0035,GCF_000005845.2_0035,GCF_000010485.1_0035
core_036,,conserved protein,ISO01_0036,ISO02_0036,ISO03_0036,ISO04_0036,ISO05_0036,ISO06_0036,ISO07_0036,ISO08_0036,ISO09_0036,ISO10_0036,ISO11_0036,ISO12_0036,ISO13_0036,ISO14_0036,ISO15_0036,ISO16_0036,ISO17_0036,ISO18_0036,ISO19_0036,ISO20_0036,GCF_000005845.2_0036,GCF_000010485.1_0036
core_037,,conserved protein,ISO01_0037,ISO02_0037,ISO03_0037,ISO04_0037,ISO05_0037,ISO06_0037,ISO07_0037,ISO08_0037,ISO09_0037,ISO10_0037,ISO11_0037,ISO12_0037,ISO13_0037,ISO14_0037,ISO15_0037,ISO16_0037,ISO17_0037,ISO18_0037,ISO19_0037,ISO20_0037,GCF_000005845.2_0037,GCF_000010485.1_0037
core_038,,conserved protein,ISO01_0038,ISO02_0038,ISO03_0038,ISO04_0038,ISO05_0038,ISO06_0038,ISO07_0038,ISO08_0038,ISO09_0038,ISO10_0038,ISO11_0038,ISO12_0038,ISO13_0038,ISO14_0038,ISO15_0038,ISO16_0038,ISO17_0038,ISO18_0038,ISO19_0038,ISO20_0038,GCF_000005845.2_0038,GCF_000010485.1_0038
core_039,,conserved protein,ISO01_0039,ISO02_0039,ISO03_0039,ISO04_0039,ISO05_0039,ISO06_0039,ISO07_0039,ISO08_0039,ISO09_0039,,ISO11_0039,ISO12_0039,ISO13_0039,ISO14_0039,ISO15_0039,ISO16_0039,ISO17_0039,ISO18_0039,ISO19_0039,ISO20_0039,GCF_000005845.2_0039,GCF_000010485.1_0039
core_040,,conserved protein,ISO01_0040,ISO02_0040,ISO03_0040,ISO04_0040,ISO05_0040,ISO06_0040,ISO07_0040,ISO08_0040,ISO09_0040,ISO10_0040,ISO11_0040,ISO12_0040,ISO13_0040,ISO14_0040,ISO15_0040,ISO16_0040,ISO17_0040,ISO18_0040,ISO19_0040,ISO20_0040,GCF_000005845.2_0040,GCF_000010485.1_0040
core_041,,conserved protein,ISO01_0041,ISO02_0041,ISO03_0041,ISO04_0041,,ISO06_0041,ISO07_0041,ISO08_0041,ISO09_0041,ISO10_0041,ISO11_0041,ISO12_0041,ISO13_0041,ISO14_0041,ISO15_0041,ISO16_0041,ISO17_0041,ISO18_0041,ISO19_0041,ISO20_0041,GCF_000005845.2_0041,GCF_000010485.1_0041
core_042,,conserved protein,,ISO02_0042,ISO03_0042,ISO04_0042,ISO05_0042,ISO06_0042,ISO07_0042,ISO08_0042,ISO09_0042,ISO10_0042,ISO11_0042,ISO12_0042,ISO13_0042,ISO14_0042,ISO15_0042,ISO16_0042,ISO17_0042,ISO18_0042,ISO19_0042,ISO20_0042,GCF_000005845.2_0042,GCF_000010485.1_0042
core_043,,conserved protein,ISO01_0043,ISO02_0043,ISO03_0043,ISO04_0043,ISO05_0043,ISO06_0043,ISO07_0043,ISO08_0043,ISO09_0043,ISO10_0043,ISO11_0043,ISO12_0043,ISO13_0043,ISO14_0043,ISO15_0043,ISO16_0043,ISO17_0043,ISO18_0043,ISO19_0043,ISO20_0043,GCF_000005845.2_0043,GCF_000010485.1_0043
core_044,,conserved protein,ISO01_0044,ISO02_0044,ISO03_0044,,ISO05_0044,ISO06_0044,ISO07_0044,ISO08_0044,ISO09_0044,ISO10_0044,ISO11_0044,ISO12_0044,ISO13_0044,ISO14_0044,ISO15_0044,ISO16_0044,ISO17_0044,ISO18_0044,ISO19_0044,ISO20_0044,GCF_000005845.2_0044,GCF_000010485.1_0044
core_045,,conserved protein,ISO01_0045,ISO02_0045,ISO03_0045,ISO04_0045,ISO05_0045,ISO06_0045,ISO07_0045,ISO08_0045,ISO09_0045,ISO10_0045,ISO11_0045,ISO12_0045,ISO13_0045,ISO14_0045,ISO15_0045,ISO16_0045,ISO17_0045,ISO18_0045,ISO19_0045,ISO20_0045,GCF_000005845.2_0045,GCF_000010485.1_0045
core_046,,conserved protein,ISO01_0046,ISO02_0046,ISO03_0046,ISO04_0046,ISO05_0046,ISO06_0046,ISO07_0046,,ISO09_0046,ISO10_0046,ISO11_0046,ISO12_0046,ISO13_0046,ISO14_0046,ISO15_0046,ISO16_0046,ISO17_0046,ISO18_0046,ISO19_0046,ISO20_0046,GCF_000005845.2_0046,GCF_000010485.1_0046
core_047,,conserved protein,ISO01_0047,ISO02_0047,ISO03_0047,ISO04_0047,ISO05_0047,ISO06_0047,ISO07_0047,ISO08_0047,ISO09_0047,ISO10_0047,ISO11_0047,ISO12_0047,ISO13_0047,ISO14_0047,ISO15_0047,ISO16_0047,ISO17_0047,ISO18_0047,ISO19_0047,ISO20_0047,GCF_000005845.2_0047,GCF_000010485.1_0047
core_048,,conserved protein,ISO01_0048,ISO02_0048,ISO03_0048,ISO04_0048,ISO05_0048,ISO06_0048,ISO07_0048,ISO08_0048,ISO09_0048,ISO10_0048,ISO11_0048,ISO12_0048,ISO13_0048,ISO14_0048,ISO15_0048,ISO16_0048,ISO17_0048,,ISO19_0048,ISO20_0048,GCF_000005845.2_0048,GCF_000010485.1_0048
core_049,,conserved protein,ISO01_0049,ISO02_0049,ISO03_0049,ISO04_0049,ISO05_0049,ISO06_0049,,ISO08_0049,ISO09_0049,ISO10_0049,ISO11_0049,ISO12_0049,ISO13_0049,ISO14_0049,ISO15_0049,ISO16_0049,ISO17_0049,ISO18_0049,ISO19_0049,ISO20_0049,GCF_000005845.2_0049,GCF_000010485.1_0049
core_050,,conserved protein,ISO01_0050,ISO02_0050,ISO03_0050,ISO04_0050,ISO05_0050,ISO06_0050,ISO07_0050,ISO08_0050,ISO09_0050,ISO10_0050,ISO11_0050,ISO12_0050,ISO13_0050,ISO14_0050,ISO15_0050,ISO16_0050,ISO17_0050,ISO18_0050,ISO19_0050,ISO20_0050,GCF_000005845.2_0050,GCF_000010485.1_0050
core_051,,conserved protein,ISO01_0051,ISO02_0051,ISO03_0051,ISO04_0051,ISO05_0051,ISO06_0051,ISO07_0051,ISO08_0051,ISO09_0051,ISO10_0051,ISO11_0051,ISO12_0051,ISO13_0051,ISO14_0051,ISO15_0051,ISO16_0051,ISO17_0051,,ISO19_0051,ISO20_0051,GCF_000005845.2_0051,GCF_000010485.1_0051
core_052,,conserved protein,ISO01_0052,ISO02_0052,ISO03_0052,ISO04_0052,ISO05_0052,ISO06_0052,ISO07_0052,ISO08_0052,ISO09_0052,ISO10_0052,ISO11_0052,ISO12_0052,ISO13_0052,ISO14_0052,ISO15_0052,ISO16_0052,ISO17_0052,ISO18_0052,ISO19_0052,ISO20_0052,GCF_000005845.2_0052,GCF_000010485.1_0052
core_053,,conserved protein,ISO01_0053,ISO02_0053,ISO03_0053,ISO04_0053,ISO05_0053,ISO06_0053,ISO07_0053,ISO08_0053,ISO09_0053,ISO10_0053,ISO11_0053,ISO12_0053,ISO13_0053,ISO14_0053,ISO15_0053,ISO16_0053,ISO17_0053,ISO18_0053,ISO19_0053,ISO20_0053,GCF_000005845.2_0053,GCF_000010485.1_0053
core_054,,conserved protein,ISO01_0054,ISO02_0054,ISO03_0054,ISO04_0054,ISO05_0054,ISO06_0054,ISO07_0054,ISO08_0054,ISO09_0054,ISO10_0054,ISO11_0054,ISO12_0054,ISO13_0054,ISO14_0054,ISO15_0054,ISO16_0054,ISO17_0054,ISO18_0054,ISO19_0054,ISO20_0054,GCF_000005845.2_0054,GCF_000010485.1_0054
core_055,,conserved protein,ISO01_0055,ISO02_0055,ISO03_0055,ISO04_0055,ISO05_0055,ISO06_0055,ISO07_0055,ISO08_0055,ISO09_0055,ISO10_0055,ISO11_0055,ISO12_0055,ISO13_0055,ISO14_0055,ISO15_0055,ISO16_0055,ISO17_0055,ISO18_0055,ISO19_0055,ISO20_0055,GCF_000005845.2_0055,
core_056,,conserved protein,ISO01_0056,ISO02_0056,ISO03_0056,ISO04_0056,ISO05_0056,ISO06_0056,ISO07_0056,ISO08_0056,ISO09_0056,ISO10_0056,ISO11_0056,ISO12_0056,ISO13_0056,ISO14_0056,ISO15_0056,ISO16_0056,ISO17_0056,ISO18_0056,ISO19_0056,ISO20_0056,GCF_000005845.2_0056,GCF_000010485.1_0056
core_057,,conserved protein,ISO01_0057,ISO02_0057,ISO03_0057,ISO04_0057,ISO05_0057,ISO06_0057,ISO07_0057,ISO08_0057,ISO09_0057,ISO10_0057,ISO11_0057,ISO12_0057,ISO13_0057,ISO14_0057,ISO15_0057,ISO16_0057,ISO17_0057,ISO18_0057,ISO19_0057,ISO20_0057,GCF_000005845.2_0057,GCF_000010485.1_0057
core_058,,conserved protein,ISO01_0058,ISO02_0058,ISO03_0058,ISO04_0058,ISO05_0058,ISO06_0058,ISO07_0058,ISO08_0058,ISO09_0058,ISO10_0058,ISO11_0058,ISO12_0058,ISO13_0058,ISO14_0058,ISO15_0058,ISO16_0058,ISO17_0058,ISO18_0058,ISO19_0058,ISO20_0058,GCF_000005845.2_0058,GCF_000010485.1_0058
core_059,,conserved protein,ISO01_0059,ISO02_0059,ISO03_0059,ISO04_0059,ISO05_0059,ISO06_0059,ISO07_0059,ISO08_0059,ISO09_0059,ISO10_0059,ISO11_0059,ISO12_0059,ISO13_0059,ISO14_0059,ISO15_0059,ISO16_0059,ISO17_0059,ISO18_0059,ISO19_0059,ISO20_0059,GCF_000005845.2_0059,GCF_000010485.1_0059
core_060,,conserved protein,ISO01_0060,ISO02_0060,ISO03_0060,ISO04_0060,ISO05_0060,ISO06_0060,ISO07_0060,ISO08_0060,ISO09_0060,ISO10_0060,ISO11_0060,ISO12_0060,ISO13_0060,ISO14_0060,ISO15_0060,ISO16_0060,ISO17_0060,,ISO19_0060,ISO20_0060,GCF_000005845.2_0060,GCF_000010485.1_0060
core_061,,conserved protein,ISO01_0061,ISO02_0061,ISO03_0061,ISO04_0061,ISO05_0061,ISO06_0061,ISO07_0061,ISO08_0061,ISO09_0061,ISO10_0061,ISO11_0061,ISO12_0061,ISO13_0061,ISO14_0061,ISO15_0061,,ISO17_0061,ISO18_0061,ISO19_0061,ISO20_0061,GCF_000005845.2_0061,GCF_000010485.1_0061
core_062,,conserved protein,ISO01_0062,ISO02_0062,ISO03_0062,ISO04_0062,ISO05_0062,ISO06_0062,ISO07_0062,ISO08_0062,ISO09_0062,ISO10_0062,ISO11_0062,ISO12_0062,ISO13_0062,ISO14_0062,ISO15_0062,ISO16_0062,ISO17_0062,ISO18_0062,ISO19_0062,ISO20_0062,GCF_000005845.2_0062,GCF_000010485.1_0062
core_063,,conserved protein,ISO01_0063,ISO02_0063,ISO03_0063,ISO04_0063,ISO05_0063,ISO06_0063,,ISO08_0063,ISO09_0063,,ISO11_0063,ISO12_0063,ISO13_0063,ISO14_0063,ISO15_0063,ISO16_0063,ISO17_0063,ISO18_0063,ISO19_0063,ISO20_0063,GCF_000005845.2_0063,GCF_000010485.1_0063
core_064,,conserved protein,ISO01_0064,ISO02_0064,ISO03_0064,ISO04_0064,ISO05_0064,ISO06_0064,ISO07_0064,ISO08_0064,ISO09_0064,ISO10_0064,ISO11_0064,ISO12_0064,ISO13_0064,ISO14_0064,ISO15_0064,ISO16_0064,ISO17_0064,ISO18_0064,ISO19_0064,ISO20_0064,GCF_000005845.2_0064,GCF_000010485.1_0064
core_065,,conserved protein,ISO01_0065,ISO02_0065,ISO03_0065,ISO04_0065,ISO05_0065,ISO06_0065,ISO07_0065,ISO08_0065,ISO09_0065,ISO10_0065,ISO11_0065,ISO12_0065,ISO13_0065,ISO14_0065,ISO15_0065,ISO16_0065,ISO17_0065,ISO18_0065,ISO19_0065,ISO20_0065,,GCF_000010485.1_0065
core_066,,conserved protein,ISO01_0066,ISO02_0066,ISO03_0066,ISO04_0066,ISO05_0066,ISO06_0066,ISO07_0066,ISO08_0066,ISO09_0066,ISO10_0066,ISO11_0066,ISO12_0066,ISO13_0066,ISO14_0066,ISO15_0066,ISO16_0066,ISO17_0066,ISO18_0066,ISO19_0066,ISO20_0066,GCF_000005845.2_0066,GCF_000010485.1_0066
core_067,,conserved protein,ISO01_0067,ISO02_0067,ISO03_0067,ISO04_0067,ISO05_0067,ISO06_0067,ISO07_0067,ISO08_0067,ISO09_0067,ISO10_0067,ISO11_0067,ISO12_0067,ISO13_0067,ISO14_0067,ISO15_0067,ISO16_0067,ISO17_0067,ISO18_0067,ISO19_0067,ISO20_0067,GCF_000005845.2_0067,GCF_000010485.1_0067
core_068,,conserved protein,ISO01_0068,ISO02_0068,ISO03_0068,ISO04_0068,ISO05_0068,ISO06_0068,ISO07_0068,ISO08_0068,ISO09_0068,ISO10_0068,ISO11_0068,ISO12_0068,ISO13_0068,ISO14_0068,ISO15_0068,ISO16_0068,ISO17_0068,ISO18_0068,ISO19_0068,ISO20_0068,GCF_000005845.2_0068,GCF_000010485.1_0068
core_069,,conserved protein,ISO01_0069,ISO02_0069,ISO03_0069,ISO04_0069,ISO05_0069,ISO06_0069,ISO07_0069,ISO08_0069,ISO09_0069,ISO10_0069,ISO11_0069,ISO12_0069,ISO13_0069,ISO14_0069,ISO15_0069,ISO16_0069,ISO17_0069,ISO18_0069,ISO19_0069,ISO20_0069,GCF_000005845.2_0069,GCF_000010485.1_0069
core_070,,conserved protein,ISO01_0070,ISO02_0070,ISO03_0070,ISO04_0070,ISO05_0070,ISO06_0070,ISO07_0070,ISO08_0070,ISO09_0070,ISO10_0070,ISO11_0070,ISO12_0070,ISO13_0070,ISO14_0070,ISO15_0070,ISO16_0070,ISO17_0070,ISO18_0070,ISO19_0070,ISO20_0070,GCF_000005845.2_0070,GCF_000010485.1_0070
core_071,,conserved protein,ISO01_0071,ISO02_0071,ISO03_0071,ISO04_0071,ISO05_0071,ISO06_0071,ISO07_0071,ISO08_0071,ISO09_0071,ISO10_0071,ISO11_0071,ISO12_0071,ISO13_0071,ISO14_0071,ISO15_0071,ISO16_0071,ISO17_0071,ISO18_0071,ISO19_0071,ISO20_0071,GCF_000005845.2_0071,GCF_000010485.1_0071
core_072,,conserved protein,ISO01_0072,ISO02_0072,ISO03_0072,ISO04_0072,ISO05_0072,ISO06_0072,ISO07_0072,ISO08_0072,ISO09_0072,ISO10_0072,ISO11_0072,ISO12_0072,ISO13_0072,ISO14_0072,ISO15_0072,ISO16_0072,ISO17_0072,ISO18_0072,ISO19_0072,ISO20_0072,GCF_000005845.2_0072,GCF_000010485.1_0072
core_073,,conserved protein,ISO01_0073,ISO02_0073,ISO03_0073,ISO04_0073,ISO05_0073,ISO06_0073,ISO07_0073,ISO08_0073,ISO09_0073,ISO10_0073,ISO11_0073,ISO12_0073,ISO13_0073,ISO14_0073,ISO15_0073,ISO16_0073,ISO17_0073,ISO18_0073,ISO19_0073,ISO20_0073,GCF_000005845.2_0073,GCF_000010485.1_0073
core_074,,conserved protein,ISO01_0074,ISO02_0074,ISO03_0074,ISO04_0074,ISO05_0074,ISO06_0074,ISO07_0074,ISO08_0074,ISO09_0074,ISO10_0074,ISO11_0074,ISO12_0074,ISO13_0074,ISO14_0074,ISO15_0074,ISO16_0074,ISO17_0074,ISO18_0074,ISO19_0074,ISO20_0074,GCF_000005845.2_0074,GCF_000010485.1_0074
core_075,,conserved protein,ISO01_0075,ISO02_0075,ISO03_0075,ISO04_0075,ISO05_0075,ISO06_0075,ISO07_0075,ISO08_0075,ISO09_0075,ISO10_0075,ISO11_0075,ISO12_0075,ISO13_0075,ISO14_0075,ISO15_0075,ISO16_0075,ISO17_0075,ISO18_0075,ISO19_0075,ISO20_0075,GCF_000005845.2_0075,GCF_000010485.1_0075
core_076,,conserved protein,ISO01_0076,ISO02_0076,ISO03_0076,ISO04_0076,ISO05_0076,ISO06_0076,ISO07_0076,ISO08_0076,ISO09_0076,ISO10_0076,ISO11_0076,ISO12_0076,ISO13_0076,ISO14_0076,ISO15_0076,ISO16_0076,ISO17_0076,ISO18_0076,ISO19_0076,ISO20_0076,GCF_000005845.2_0076,GCF_000010485.1_0076
core_077,,conserved protein,ISO01_0077,ISO02_0077,ISO03_0077,ISO04_0077,ISO05_0077,ISO06_0077,ISO07_0077,ISO08_0077,ISO09_0077,ISO10_0077,ISO11_0077,ISO12_0077,ISO13_0077,ISO14_0077,ISO15_0077,ISO16_0077,ISO17_0077,ISO18_0077,ISO19_0077,ISO20_0077,GCF_000005845.2_0077,GCF_000010485.1_0077
core_078,,conserved protein,ISO01_0078,ISO02_0078,ISO03_0078,ISO04_0078,ISO05_0078,ISO06_0078,ISO07_0078,ISO08_0078,ISO09_0078,ISO10_0078,ISO11_0078,ISO12_0078,ISO13_0078,ISO14_0078,ISO15_0078,ISO16_0078,ISO17_0078,ISO18_0078,ISO19_0078,ISO20_0078,GCF_000005845.2_0078,GCF_000010485.1_0078
core_079,,conserved protein,ISO01_0079,ISO02_0079,ISO03_0079,ISO04_0079,ISO05_0079,ISO06_0079,ISO07_0079,ISO08_0079,ISO09_0079,ISO10_0079,ISO11_0079,ISO12_0079,ISO13_0079,ISO14_0079,ISO15_0079,ISO16_0079,ISO17_0079,ISO18_0079,ISO19_0079,ISO20_0079,GCF_000005845.2_0079,GCF_000010485.1_0079
core_080,,conserved protein,ISO01_0080,ISO02_0080,ISO03_0080,ISO04_0080,ISO05_0080,ISO06_0080,ISO07_0080,ISO08_0080,ISO09_0080,ISO10_0080,ISO11_0080,ISO12_0080,ISO13_0080,ISO14_0080,ISO15_0080,ISO16_0080,ISO17_0080,ISO18_0080,ISO19_0080,ISO20_0080,GCF_000005845.2_0080,GCF_000010485.1_0080
core_081,,conserved protein,ISO01_0081,ISO02_0081,ISO03_0081,,ISO05_0081,ISO06_0081,ISO07_0081,ISO08_0081,ISO09_0081,ISO10_0081,ISO11_0081,ISO12_0081,ISO13_0081,ISO14_0081,ISO15_0081,ISO16_0081,ISO17_0081,ISO18_0081,ISO19_0081,ISO20_0081,GCF_000005845.2_0081,GCF_000010485.1_0081
core_082,,conserved protein,ISO01_0082,ISO02_0082,ISO03_0082,ISO04_0082,ISO05_0082,ISO06_0082,ISO07_0082,ISO08_0082,ISO09_0082,ISO10_0082,ISO11_0082,ISO12_0082,ISO13_0082,ISO14_0082,ISO15_0082,ISO16_0082,ISO17_0082,ISO18_0082,ISO19_0082,ISO20_0082,GCF_000005845.2_0082,GCF_000010485.1_0082
core_083,,conserved protein,ISO01_0083,ISO02_0083,ISO03_0083,ISO04_0083,ISO05_0083,ISO06_0083,ISO07_0083,ISO08_0083,ISO09_0083,ISO10_0083,ISO11_0083,ISO12_0083,ISO13_0083,ISO14_0083,ISO15_0083,ISO16_0083,ISO17_0083,ISO18_0083,ISO19_0083,ISO20_0083,GCF_000005845.2_0083,GCF_000010485.1_0083
core_084,,conserved protein,ISO01_0084,ISO02_0084,ISO03_0084,ISO04_0084,ISO05_0084,ISO06_0084,ISO07_0084,ISO08_0084,ISO09_0084,ISO10_0084,ISO11_0084,ISO12_0084,ISO13_0084,ISO14_0084,ISO15_0084,ISO16_0084,ISO17_0084,ISO18_0084,,ISO20_0084,GCF_000005845.2_0084,GCF_000010485.1_0084
core_085,,conserved protein,ISO01_0085,ISO02_0085,ISO03_0085,ISO04_0085,ISO05_0085,ISO06_0085,ISO07_0085,ISO08_0085,ISO09_0085,ISO10_0085,ISO11_0085,ISO12_0085,ISO13_0085,ISO14_0085,ISO15_0085,ISO16_0085,ISO17_0085,ISO18_0085,,ISO20_0085,GCF_000005845.2_0085,GCF_000010485.1_0085
core_086,,conserved protein,ISO01_0086,ISO02_0086,ISO03_0086,ISO04_0086,ISO05_0086,ISO06_0086,ISO07_0086,ISO08_0086,ISO09_0086,ISO10_0086,ISO11_0086,ISO12_0086,ISO13_0086,ISO14_0086,ISO15_0086,ISO16_0086,ISO17_0086,ISO18_0086,ISO19_0086,ISO20_0086,,GCF_000010485.1_0086
core_087,,conserved protein,ISO01_0087,ISO02_0087,ISO03_0087,ISO04_0087,ISO05_0087,ISO06_0087,ISO07_0087,ISO08_0087,ISO09_0087,ISO10_0087,ISO11_0087,ISO12_0087,ISO13_0087,ISO14_0087,ISO15_0087,ISO16_0087,ISO17_0087,ISO18_0087,ISO19_0087,ISO20_0087,GCF_000005845.2_0087,GCF_000010485.1_0087
core_088,,conserved protein,ISO01_0088,ISO02_0088,ISO03_0088,ISO04_0088,ISO05_0088,ISO06_0088,ISO07_0088,ISO08_0088,ISO09_0088,,ISO11_0088,ISO12_0088,ISO13_0088,ISO14_0088,ISO15_0088,ISO16_0088,ISO17_0088,ISO18_0088,ISO19_0088,ISO20_0088,GCF_000005845.2_0088,GCF_000010485.1_0088
core_089,,conserved protein,ISO01_0089,ISO02_0089,ISO03_0089,ISO04_0089,ISO05_0089,ISO06_0089,ISO07_0089,ISO08_0089,ISO09_0089,ISO10_0089,ISO11_0089,ISO12_0089,ISO13_0089,ISO14_0089,ISO15_0089,ISO16_0089,ISO17_0089,ISO18_0089,ISO19_0089,ISO20_0089,GCF_000005845.2_0089,GCF_000010485.1_0089
core_090,,conserved protein,ISO01_0090,ISO02_0090,ISO03_0090,ISO04_0090,ISO05_0090,ISO06_0090,ISO07_0090,ISO08_0090,ISO09_0090,ISO10_0090,ISO11_0090,ISO12_0090,ISO13_0090,ISO14_0090,ISO15_0090,ISO16_0090,ISO17_0090,ISO18_0090,ISO19_0090,ISO20_0090,GCF_000005845.2_0090,GCF_000010485.1_0090
core_091,,conserved protein,ISO01_0091,ISO02_0091,ISO03_0091,ISO04_0091,ISO05_0091,ISO06_0091,ISO07_0091,ISO08_0091,ISO09_0091,ISO10_0091,ISO11_0091,ISO12_0091,ISO13_0091,ISO14_0091,ISO15_0091,ISO16_0091,ISO17_0091,ISO18_0091,ISO19_0091,ISO20_0091,GCF_000005845.2_0091,GCF_000010485.1_0091
core_092,,conserved protein,ISO01_0092,ISO02_0092,ISO03_0092,ISO04_0092,ISO05_0092,ISO06_0092,ISO07_0092,ISO08_0092,ISO09_0092,ISO10_0092,ISO11_0092,ISO12_0092,ISO13_0092,ISO14_0092,ISO15_0092,ISO16_0092,ISO17_0092,ISO18_0092,ISO19_0092,ISO20_0092,GCF_000005845.2_0092,GCF_000010485.1_0092
core_093,,conserved protein,ISO01_0093,ISO02_0093,ISO03_0093,ISO04_0093,ISO05_0093,ISO06_0093,ISO07_0093,ISO08_0093,ISO09_0093,ISO10_0093,ISO11_0093,ISO12_0093,ISO13_0093,ISO14_0093,ISO15_0093,ISO16_0093,ISO17_0093,ISO18_0093,ISO19_0093,ISO20_0093,GCF_000005845.2_0093,GCF_000010485.1_0093
core_094,,conserved protein,ISO01_0094,ISO02_0094,ISO03_0094,ISO04_0094,ISO05_0094,ISO06_0094,ISO07_0094,ISO08_0094,ISO09_0094,ISO10_0094,ISO11_0094,ISO12_0094,ISO13_0094,ISO14_0094,ISO15_0094,ISO16_0094,ISO17_0094,ISO18_0094,ISO19_0094,ISO20_0094,GCF_000005845.2_0094,GCF_000010485.1_0094
core_095,,conserved protein,ISO01_0095,ISO02_0095,ISO03_0095,ISO04_0095,ISO05_0095,ISO06_0095,ISO07_0095,ISO08_0095,ISO09_0095,ISO10_0095,ISO11_0095,ISO12_0095,ISO13_0095,ISO14_0095,ISO15_0095,ISO16_0095,ISO17_0095,ISO18_0095,ISO19_0095,ISO20_0095,GCF_000005845.2_0095,GCF_000010485.1_0095
core_096,,conserved protein,ISO01_0096,ISO02_0096,ISO03_0096,ISO04_0096,ISO05_0096,ISO06_0096,ISO07_0096,ISO08_0096,ISO09_0096,ISO10_0096,ISO11_0096,ISO12_0096,ISO13_0096,ISO14_0096,ISO15_0096,ISO16_0096,ISO17_0096,ISO18_0096,ISO19_0096,ISO20_0096,GCF_000005845.2_0096,GCF_000010485.1_0096
core_097,,conserved protein,ISO01_0097,ISO02_0097,ISO03_0097,ISO04_0097,ISO05_0097,ISO06_0097,ISO07_0097,ISO08_0097,ISO09_0097,ISO10_0097,ISO11_0097,ISO12_0097,ISO13_0097,ISO14_0097,ISO15_0097,ISO16_0097,ISO17_0097,ISO18_0097,ISO19_0097,ISO20_0097,GCF_000005845.2_0097,GCF_000010485.1_0097
core_098,,conserved protein,ISO01_0098,ISO02_0098,ISO03_0098,ISO04_0098,ISO05_0098,ISO06_0098,ISO07_0098,ISO08_0098,ISO09_0098,ISO10_0098,ISO11_0098,ISO12_0098,ISO13_0098,ISO14_0098,ISO15_0098,ISO16_0098,ISO17_0098,ISO18_0098,ISO19_0098,ISO20_0098,GCF_000005845.2_0098,GCF_000010485.1_0098
core_099,,conserved protein,ISO01_0099,ISO02_0099,ISO03_0099,ISO04_0099,ISO05_0099,ISO06_0099,ISO07_0099,ISO08_0099,ISO09_0099,ISO10_0099,ISO11_0099,ISO12_0099,ISO13_0099,ISO14_0099,ISO15_0099,ISO16_0099,ISO17_0099,ISO18_0099,ISO19_0099,ISO20_0099,GCF_000005845.2_0099,GCF_000010485.1_0099
core_100,,conserved protein,ISO01_0100,ISO02_0100,ISO03_0100,ISO04_0100,ISO05_0100,ISO06_0100,ISO07_0100,ISO08_0100,ISO09_0100,ISO10_0100,ISO11_0100,ISO12_0100,ISO13_0100,ISO14_0100,ISO15_0100,ISO16_0100,ISO17_0100,ISO18_0100,ISO19_0100,ISO20_0100,GCF_000005845.2_0100,GCF_000010485.1_0100
core_101,,conserved protein,ISO01_0101,ISO02_0101,ISO03_0101,ISO04_0101,ISO05_0101,ISO06_0101,ISO07_0101,ISO08_0101,ISO09_0101,ISO10_0101,ISO11_0101,ISO12_0101,ISO13_0101,ISO14_0101,ISO15_0101,ISO16_0101,ISO17_0101,ISO18_0101,ISO19_0101,ISO20_0101,GCF_000005845.2_0101,GCF_000010485.1_0101
core_102,,conserved protein,ISO01_0102,ISO02_0102,ISO03_0102,ISO04_0102,ISO05_0102,ISO06_0102,ISO07_0102,ISO08_0102,ISO09_0102,ISO10_0102,ISO11_0102,ISO12_0102,ISO13_0102,ISO14_0102,ISO15_0102,ISO16_0102,ISO17_0102,ISO18_0102,ISO19_0102,ISO20_0102,GCF_000005845.2_0102,GCF_000010485.1_0102
core_103,,conserved protein,ISO01_0103,ISO02_0103,ISO03_0103,ISO04_0103,ISO05_0103,ISO06_0103,ISO07_0103,ISO08_0103,ISO09_0103,ISO10_0103,ISO11_0103,ISO12_0103,ISO13_0103,ISO14_0103,ISO15_0103,ISO16_0103,ISO17_0103,ISO18_0103,ISO19_0103,ISO20_0103,GCF_000005845.2_0103,GCF_000010485.1_0103
core_104,,conserved protein,ISO01_0104,ISO02_0104,ISO03_0104,ISO04_0104,ISO05_0104,ISO06_0104,ISO07_0104,ISO08_0104,ISO09_0104,ISO10_0104,ISO11_0104,ISO12_0104,ISO13_0104,ISO14_0104,ISO15_0104,ISO16_0104,ISO17_0104,ISO18_0104,ISO19_0104,ISO20_0104,GCF_000005845.2_0104,GCF_000010485.1_0104
core_105,,conserved protein,ISO01_0105,ISO02_0105,ISO03_0105,ISO04_0105,ISO05_0105,ISO06_0105,ISO07_0105,ISO08_0105,ISO09_0105,ISO10_0105,ISO11_0105,ISO12_0105,ISO13_0105,ISO14_0105,ISO15_0105,ISO16_0105,ISO17_0105,ISO18_0105,ISO19_0105,ISO20_0105,GCF_000005845.2_0105,GCF_000010485.1_0105
core_106,,conserved protein,ISO01_0106,ISO02_0106,ISO03_0106,ISO04_0106,ISO05_0106,ISO06_0106,ISO07_0106,ISO08_0106,ISO09_0106,ISO10_0106,ISO11_0106,ISO12_0106,ISO13_0106,ISO14_0106,ISO15_0106,ISO16_0106,ISO17_0106,ISO18_0106,ISO19_0106,ISO20_0106,GCF_000005845.2_0106,GCF_000010485.1_0106
core_107,,conserved protein,ISO01_0107,ISO02_0107,ISO03_0107,ISO04_0107,ISO05_0107,ISO06_0107,ISO07_0107,ISO08_0107,ISO09_0107,ISO10_0107,ISO11_0107,ISO12_0107,ISO13_0107,ISO14_0107,ISO15_0107,ISO16_0107,ISO17_0107,ISO18_0107,ISO19_0107,ISO20_0107,GCF_000005845.2_0107,GCF_000010485.1_0107
core_108,,conserved protein,ISO01_0108,ISO02_0108,ISO03_0108,ISO04_0108,ISO05_0108,ISO06_0108,ISO07_0108,ISO08_0108,ISO09_0108,ISO10_0108,ISO11_0108,ISO12_0108,ISO13_0108,ISO14_0108,ISO15_0108,ISO16_0108,ISO17_0108,ISO18_0108,ISO19_0108,ISO20_0108,GCF_000005845.2_0108,GCF_000010485.1_0108
core_109,,conserved protein,ISO01_0109,ISO02_0109,ISO03_0109,ISO04_0109,ISO05_0109,ISO06_0109,ISO07_0109,ISO08_0109,ISO09_0109,ISO10_0109,ISO11_0109,ISO12_0109,ISO13_0109,ISO14_0109,ISO15_0109,ISO16_0109,ISO17_0109,ISO18_0109,ISO19_0109,ISO20_0109,GCF_000005845.2_0109,GCF_000010485.1_0109
core_110,,conserved protein,ISO01_0110,ISO02_0110,ISO03_0110,ISO04_0110,ISO05_0110,ISO06_0110,ISO07_0110,ISO08_0110,ISO09_0110,ISO10_0110,ISO11_0110,ISO12_0110,ISO13_0110,ISO14_0110,ISO15_0110,ISO16_0110,ISO17_0110,ISO18_0110,ISO19_0110,ISO20_0110,GCF_000005845.2_0110,GCF_000010485.1_0110
core_111,,conserved protein,ISO01_0111,ISO02_0111,ISO03_0111,ISO04_0111,ISO05_0111,ISO06_0111,ISO07_0111,ISO08_0111,ISO09_0111,ISO10_0111,ISO11_0111,ISO12_0111,ISO13_0111,ISO14_0111,ISO15_0111,ISO16_0111,ISO17_0111,ISO18_0111,ISO19_0111,ISO20_0111,GCF_000005845.2_0111,GCF_000010485.1_0111
core_112,,conserved protein,ISO01_0112,ISO02_0112,ISO03_0112,ISO04_0112,ISO05_0112,ISO06_0112,ISO07_0112,ISO08_0112,ISO09_0112,ISO10_0112,ISO11_0112,ISO12_0112,ISO13_0112,ISO14_0112,ISO15_0112,ISO16_0112,ISO17_0112,ISO18_0112,ISO19_0112,ISO20_0112,GCF_000005845.2_0112,GCF_000010485.1_0112
core_113,,conserved protein,ISO01_0113,ISO02_0113,ISO03_0113,ISO04_0113,ISO05_0113,ISO06_0113,ISO07_0113,ISO08_0113,ISO09_0113,ISO10_0113,ISO11_0113,ISO12_0113,ISO13_0113,ISO14_0113,ISO15_0113,ISO16_0113,ISO17_0113,ISO18_0113,ISO19_0113,ISO20_0113,GCF_000005845.2_0113,GCF_000010485.1_0113
core_114,,conserved protein,ISO01_0114,ISO02_0114,ISO03_0114,ISO04_0114,ISO05_0114,ISO06_0114,ISO07_0114,ISO08_0114,ISO09_0114,ISO10_0114,ISO11_0114,ISO12_0114,ISO13_0114,ISO14_0114,ISO15_0114,ISO16_0114,ISO17_0114,ISO18_0114,ISO19_0114,ISO20_0114,GCF_000005845.2_0114,GCF_000010485.1_0114
core_115,,conserved protein,ISO01_0115,ISO02_0115,ISO03_0115,ISO04_0115,ISO05_0115,ISO06_0115,ISO07_0115,ISO08_0115,ISO09_0115,ISO10_0115,ISO11_0115,ISO12_0115,ISO13_0115,,ISO15_0115,ISO16_0115,ISO17_0115,ISO18_0115,ISO19_0115,ISO20_0115,GCF_000005845.2_0115,GCF_000010485.1_0115
core_116,,conserved protein,ISO01_0116,ISO02_0116,ISO03_0116,ISO04_0116,ISO05_0116,ISO06_0116,ISO07_0116,ISO08_0116,ISO09_0116,ISO10_0116,ISO11_0116,ISO12_0116,ISO13_0116,ISO14_0116,ISO15_0116,ISO16_0116,ISO17_0116,ISO18_0116,ISO19_0116,ISO20_0116,GCF_000005845.2_0116,GCF_000010485.1_0116
core_117,,conserved protein,ISO01_0117,ISO02_0117,ISO03_0117,ISO04_0117,ISO05_0117,ISO06_0117,ISO07_0117,ISO08_0117,ISO09_0117,ISO10_0117,ISO11_0117,ISO12_0117,ISO13_0117,ISO14_0117,ISO15_0117,ISO16_0117,ISO17_0117,ISO18_0117,ISO19_0117,ISO20_0117,GCF_000005845.2_0117,GCF_000010485.1_0117
core_118,,conserved protein,ISO01_0118,ISO02_0118,ISO03_0118,ISO04_0118,ISO05_0118,ISO06_0118,ISO07_0118,ISO08_0118,ISO09_0118,ISO10_0118,ISO11_0118,ISO12_0118,ISO13_0118,ISO14_0118,ISO15_0118,ISO16_0118,ISO17_0118,ISO18_0118,ISO19_0118,ISO20_0118,GCF_000005845.2_0118,GCF_000010485.1_0118
core_119,,conserved protein,ISO01_0119,ISO02_0119,ISO03_0119,ISO04_0119,ISO05_0119,ISO06_0119,ISO07_0119,ISO08_0119,ISO09_0119,ISO10_0119,ISO11_0119,ISO12_0119,ISO13_0119,ISO14_0119,ISO15_0119,ISO16_0119,ISO17_0119,ISO18_0119,ISO19_0119,ISO20_0119,GCF_000005845.2_0119,GCF_000010485.1_0119
core_120,,conserved protein,ISO01_0120,ISO02_0120,ISO03_0120,ISO04_0120,ISO05_0120,ISO06_0120,ISO07_0120,ISO08_0120,ISO09_0120,ISO10_0120,ISO11_0120,ISO12_0120,ISO13_0120,ISO14_0120,ISO15_0120,ISO16_0120,ISO17_0120,ISO18_0120,ISO19_0120,ISO20_0120,GCF_000005845.2_0120,GCF_000010485.1_0120
core_121,,conserved protein,ISO01_0121,ISO02_0121,ISO03_0121,ISO04_0121,ISO05_0121,ISO06_0121,ISO07_0121,ISO08_0121,ISO09_0121,ISO10_0121,ISO11_0121,ISO12_0121,ISO13_0121,ISO14_0121,ISO15_0121,ISO16_0121,ISO17_0121,ISO18_0121,ISO19_0121,ISO20_0121,GCF_000005845.2_0121,GCF_000010485.1_0121
core_122,,conserved protein,ISO01_0122,,ISO03_0122,ISO04_0122,ISO05_0122,ISO06_0122,ISO07_0122,ISO08_0122,ISO09_0122,ISO10_0122,ISO11_0122,ISO12_0122,ISO13_0122,ISO14_0122,ISO15_0122,ISO16_0122,ISO17_0122,ISO18_0122,ISO19_0122,ISO20_0122,GCF_000005845.2_0122,GCF_000010485.1_0122
core_123,,conserved protein,ISO01_0123,,ISO03_0123,ISO04_0123,ISO05_0123,ISO06_0123,ISO07_0123,ISO08_0123,ISO09_0123,ISO10_0123,,ISO12_0123,ISO13_0123,ISO14_0123,ISO15_0123,ISO16_0123,ISO17_0123,ISO18_0123,ISO19_0123,ISO20_0123,GCF_000005845.2_0123,GCF_000010485.1_0123
core_124,,conserved protein,ISO01_0124,ISO02_0124,ISO03_0124,ISO04_0124,ISO05_0124,ISO06_0124,ISO07_0124,ISO08_0124,ISO09_0124,ISO10_0124,ISO11_0124,ISO12_0124,ISO13_0124,ISO14_0124,ISO15_0124,ISO16_0124,ISO17_0124,ISO18_0124,ISO19_0124,ISO20_0124,GCF_000005845.2_0124,GCF_000010485.1_0124
core_125,,conserved protein,ISO01_0125,ISO02_0125,ISO03_0125,ISO04_0125,ISO05_0125,ISO06_0125,ISO07_0125,ISO08_0125,ISO09_0125,ISO10_0125,ISO11_0125,ISO12_0125,ISO13_0125,ISO14_0125,ISO15_0125,ISO16_0125,ISO17_0125,ISO18_0125,ISO19_0125,ISO20_0125,GCF_000005845.2_0125,GCF_000010485.1_0125
core_126,,conserved protein,ISO01_0126,ISO02_0126,ISO03_0126,ISO04_0126,ISO05_0126,ISO06_0126,ISO07_0126,ISO08_0126,ISO09_0126,ISO10_0126,ISO11_0126,ISO12_0126,ISO13_0126,ISO14_0126,ISO15_0126,ISO16_0126,ISO17_0126,ISO18_0126,ISO19_0126,ISO20_0126,GCF_000005845.2_0126,GCF_000010485.1_0126
core_127,,conserved protein,ISO01_0127,ISO02_0127,ISO03_0127,ISO04_0127,ISO05_0127,ISO06_0127,ISO07_0127,ISO08_0127,ISO09_0127,ISO10_0127,ISO11_0127,ISO12_0127,ISO13_0127,ISO14_0127,ISO15_0127,ISO16_0127,ISO17_0127,ISO18_0127,ISO19_0127,ISO20_0127,GCF_000005845.2_0127,GCF_000010485.1_0127
core_128,,conserved protein,ISO01_0128,ISO02_0128,ISO03_0128,ISO04_0128,ISO05_0128,ISO06_0128,ISO07_0128,ISO08_0128,ISO09_0128,ISO10_0128,ISO11_0128,ISO12_0128,ISO13_0128,ISO14_0128,ISO15_0128,ISO16_0128,,ISO18_0128,ISO19_0128,ISO20_0128,GCF_000005845.2_0128,GCF_000010485.1_0128
core_129,,conserved protein,ISO01_0129,ISO02_0129,ISO03_0129,ISO04_0129,ISO05_0129,ISO06_0129,ISO07_0129,ISO08_0129,ISO09_0129,ISO10_0129,ISO11_0129,ISO12_0129,ISO13_0129,ISO14_0129,ISO15_0129,ISO16_0129,ISO17_0129,ISO18_0129,ISO19_0129,ISO20_0129,GCF_000005845.2_0129,GCF_000010485.1_0129
core_130,,conserved protein,ISO01_0130,ISO02_0130,ISO03_0130,ISO04_0130,ISO05_0130,ISO06_0130,ISO07_0130,ISO08_0130,ISO09_0130,ISO10_0130,ISO11_0130,ISO12_0130,ISO13_0130,ISO14_0130,ISO15_0130,ISO16_0130,ISO17_0130,ISO18_0130,ISO19_0130,ISO20_0130,GCF_000005845.2_0130,GCF_000010485.1_0130
core_131,,conserved protein,ISO01_0131,ISO02_0131,ISO03_0131,ISO04_0131,ISO05_0131,ISO06_0131,ISO07_0131,ISO08_0131,ISO09_0131,ISO10_0131,ISO11_0131,ISO12_0131,ISO13_0131,ISO14_0131,ISO15_0131,ISO16_0131,ISO17_0131,ISO18_0131,ISO19_0131,ISO20_0131,,GCF_000010485.1_0131
core_132,,conserved protein,ISO01_0132,ISO02_0132,ISO03_0132,ISO04_0132,ISO05_0132,ISO06_0132,ISO07_0132,ISO08_0132,ISO09_0132,ISO10_0132,ISO11_0132,ISO12_0132,ISO13_0132,ISO14_0132,ISO15_0132,ISO16_0132,ISO17_0132,ISO18_0132,ISO19_0132,ISO20_0132,GCF_000005845.2_0132,GCF_000010485.1_0132
core_133,,conserved protein,ISO01_0133,ISO02_0133,ISO03_0133,ISO04_0133,ISO05_0133,ISO06_0133,ISO07_0133,ISO08_0133,ISO09_0133,ISO10_0133,ISO11_0133,ISO12_0133,ISO13_0133,ISO14_0133,ISO15_0133,ISO16_0133,ISO17_0133,ISO18_0133,ISO19_0133,ISO20_0133,GCF_000005845.2_0133,GCF_000010485.1_0133
core_134,,conserved protein,ISO01_0134,ISO02_0134,ISO03_0134,ISO04_0134,ISO05_0134,ISO06_0134,ISO07_0134,ISO08_0134,ISO09_0134,ISO10_0134,ISO11_0134,ISO12_0134,ISO13_0134,ISO14_0134,ISO15_0134,ISO16_0134,ISO17_0134,ISO18_0134,ISO19_0134,ISO20_0134,GCF_000005845.2_0134,GCF_000010485.1_0134
core_135,,conserved protein,ISO01_0135,ISO02_0135,ISO03_0135,ISO04_0135,ISO05_0135,ISO06_0135,ISO07_0135,ISO08_0135,ISO09_0135,ISO10_0135,ISO11_0135,ISO12_0135,ISO13_0135,ISO14_0135,ISO15_0135,ISO16_0135,ISO17_0135,ISO18_0135,ISO19_0135,ISO20_0135,GCF_000005845.2_0135,GCF_000010485.1_0135
core_136,,conserved protein,ISO01_0136,ISO02_0136,ISO03_0136,ISO04_0136,ISO05_0136,ISO06_0136,ISO07_0136,ISO08_0136,ISO09_0136,ISO10_0136,ISO11_0136,ISO12_0136,ISO13_0136,ISO14_0136,ISO15_0136,ISO16_0136,ISO17_0136,ISO18_0136,ISO19_0136,ISO20_0136,GCF_000005845.2_0136,GCF_000010485.1_0136
core_137,,conserved protein,ISO01_0137,ISO02_0137,ISO03_0137,ISO04_0137,ISO05_0137,ISO06_0137,ISO07_0137,ISO08_0137,ISO09_0137,ISO10_0137,ISO11_0137,ISO12_0137,ISO13_0137,ISO14_0137,ISO15_0137,ISO16_0137,ISO17_0137,ISO18_0137,ISO19_0137,ISO20_0137,GCF_000005845.2_0137,GCF_000010485.1_0137
core_138,,conserved protein,ISO01_0138,ISO02_0138,ISO03_0138,ISO04_0138,ISO05_0138,ISO06_0138,ISO07_0138,ISO08_0138,ISO09_0138,ISO10_0138,ISO11_0138,ISO12_0138,ISO13_0138,ISO14_0138,ISO15_0138,ISO16_0138,ISO17_0138,ISO18_0138,ISO19_0138,ISO20_0138,GCF_000005845.2_0138,GCF_000010485.1_0138
core_139,,conserved protein,ISO01_0139,ISO02_0139,ISO03_0139,ISO04_0139,ISO05_0139,ISO06_0139,ISO07_0139,ISO08_0139,ISO09_0139,ISO10_0139,ISO11_0139,ISO12_0139,ISO13_0139,ISO14_0139,ISO15_0139,ISO16_0139,ISO17_0139,ISO18_0139,ISO19_0139,ISO20_0139,GCF_000005845.2_0139,GCF_000010485.1_0139
core_140,,conserved protein,ISO01_0140,ISO02_0140,ISO03_0140,ISO04_0140,ISO05_0140,ISO06_0140,ISO07_0140,ISO08_0140,ISO09_0140,ISO10_0140,ISO11_0140,ISO12_0140,ISO13_0140,ISO14_0140,ISO15_0140,ISO16_0140,ISO17_0140,ISO18_0140,ISO19_0140,ISO20_0140,GCF_000005845.2_0140,GCF_000010485.1_0140
core_141,,conserved protein,ISO01_0141,ISO02_0141,ISO03_0141,ISO04_0141,ISO05_0141,ISO06_0141,ISO07_0141,ISO08_0141,ISO09_0141,ISO10_0141,ISO11_0141,ISO12_0141,ISO13_0141,ISO14_0141,ISO15_0141,ISO16_0141,ISO17_0141,ISO18_0141,ISO19_0141,ISO20_0141,GCF_000005845.2_0141,GCF_000010485.1_0141
core_142,,conserved protein,ISO01_0142,ISO02_0142,ISO03_0142,ISO04_0142,ISO05_0142,ISO06_0142,ISO07_0142,ISO08_0142,ISO09_0142,ISO10_0142,ISO11_0142,ISO12_0142,ISO13_0142,ISO14_0142,ISO15_0142,ISO16_0142,ISO17_0142,ISO18_0142,ISO19_0142,ISO20_0142,GCF_000005845.2_0142,GCF_000010485.1_0142
core_143,,conserved protein,ISO01_0143,ISO02_0143,ISO03_0143,ISO04_0143,ISO05_0143,ISO06_0143,ISO07_0143,ISO08_0143,ISO09_0143,ISO10_0143,ISO11_0143,ISO12_0143,ISO13_0143,ISO14_0143,ISO15_0143,ISO16_0143,ISO17_0143,ISO18_0143,ISO19_0143,ISO20_0143,GCF_000005845.2_0143,GCF_000010485.1_0143
core_144,,conserved protein,ISO01_0144,ISO02_0144,ISO03_0144,ISO04_0144,ISO05_0144,,ISO07_0144,ISO08_0144,ISO09_0144,ISO10_0144,ISO11_0144,ISO12_0144,ISO13_0144,ISO14_0144,ISO15_0144,ISO16_0144,ISO17_0144,ISO18_0144,ISO19_0144,ISO20_0144,GCF_000005845.2_0144,GCF_000010485.1_0144
core_145,,conserved protein,ISO01_0145,ISO02_0145,ISO03_0145,ISO04_0145,ISO05_0145,ISO06_0145,ISO07_0145,ISO08_0145,ISO09_0145,ISO10_0145,ISO11_0145,ISO12_0145,ISO13_0145,ISO14_0145,ISO15_0145,ISO16_0145,ISO17_0145,ISO18_0145,ISO19_0145,ISO20_0145,GCF_000005845.2_0145,GCF_000010485.1_0145
core_146,,conserved protein,ISO01_0146,ISO02_0146,ISO03_0146,ISO04_0146,ISO05_0146,ISO06_0146,ISO07_0146,ISO08_0146,ISO09_0146,ISO10_0146,ISO11_0146,ISO12_0146,ISO13_0146,ISO14_0146,ISO15_0146,ISO16_0146,ISO17_0146,ISO18_0146,ISO19_0146,ISO20_0146,GCF_000005845.2_0146,GCF_000010485.1_0146
core_147,,conserved protein,ISO01_0147,ISO02_0147,ISO03_0147,ISO04_0147,ISO05_0147,ISO06_0147,ISO07_0147,ISO08_0147,ISO09_0147,ISO10_0147,ISO11_0147,ISO12_0147,ISO13_0147,ISO14_0147,ISO15_0147,ISO16_0147,ISO17_0147,ISO18_0147,ISO19_0147,ISO20_0147,GCF_000005845.2_0147,GCF_000010485.1_0147
core_148,,conserved protein,ISO01_0148,ISO02_0148,ISO03_0148,ISO04_0148,ISO05_0148,ISO06_0148,ISO07_0148,ISO08_0148,ISO09_0148,ISO10_0148,ISO11_0148,ISO12_0148,ISO13_0148,ISO14_0148,ISO15_0148,ISO16_0148,ISO17_0148,ISO18_0148,ISO19_0148,ISO20_0148,GCF_000005845.2_0148,GCF_000010485.1_0148
core_149,,conserved protein,ISO01_0149,ISO02_0149,ISO03_0149,ISO04_0149,ISO05_0149,ISO06_0149,ISO07_0149,ISO08_0149,ISO09_0149,ISO10_0149,ISO11_0149,ISO12_0149,ISO13_0149,ISO14_0149,ISO15_0149,ISO16_0149,ISO17_0149,ISO18_0149,ISO19_0149,ISO20_0149,GCF_000005845.2_0149,GCF_000010485.1_0149
core_150,,conserved protein,ISO01_0150,ISO02_0150,ISO03_0150,ISO04_0150,ISO05_0150,ISO06_0150,ISO07_0150,ISO08_0150,ISO09_0150,ISO10_0150,ISO11_0150,ISO12_0150,ISO13_0150,ISO14_0150,ISO15_0150,ISO16_0150,ISO17_0150,,ISO19_0150,ISO20_0150,GCF_000005845.2_0150,GCF_000010485.1_0150
ST131_group_01,,hypothetical protein,ISO01_0151,ISO02_0151,ISO03_0151,ISO04_0151,,ISO06_0151,ISO07_0151,ISO08_0151,,,,,,,,,,,,,,GCF_000010485.1_0151
ST131_group_02,,hypothetical protein,ISO01_0152,ISO02_0152,,ISO04_0152,ISO05_0152,ISO06_0152,ISO07_0152,ISO08_0152,,,,,,,,,,,,,,GCF_000010485.1_0152
ST131_group_03,,hypothetical protein,ISO01_0153,ISO02_0153,ISO03_0153,ISO04_0153,ISO05_0153,ISO06_0153,ISO07_0153,ISO08_0153,,,,,,,,,,,,,,GCF_000010485.1_0153
ST131_group_04,,hypothetical protein,ISO01_0154,ISO02_0154,ISO03_0154,ISO04_0154,ISO05_0154,ISO06_0154,ISO07_0154,ISO08_0154,,,,,,,,,,,,,,GCF_000010485.1_0154
ST131_group_05,,hypothetical protein,ISO01_0155,ISO02_0155,ISO03_0155,ISO04_0155,ISO05_0155,ISO06_0155,ISO07_0155,ISO08_0155,,,,,,,,,,,,,,GCF_000010485.1_0155
ST131_group_06,,hypothetical protein,ISO01_0156,ISO02_0156,ISO03_0156,ISO04_0156,ISO05_0156,ISO06_0156,ISO07_0156,ISO08_0156,,,,,,,,,,,,,,GCF_000010485.1_0156
ST131_group_07,,hypothetical protein,,ISO02_0157,ISO03_0157,ISO04_0157,ISO05_0157,ISO06_0157,ISO07_0157,ISO08_0157,,,,,,,,,,,,,,GCF_000010485.1_0157
ST131_group_08,,hypothetical protein,ISO01_0158,ISO02_0158,ISO03_0158,ISO04_0158,ISO05_0158,,ISO07_0158,ISO08_0158,,,,,,,,,,,,,,GCF_000010485.1_0158
ST131_group_09,,hypothetical protein,ISO01_0159,ISO02_0159,ISO03_0159,ISO04_0159,ISO05_0159,ISO06_0159,ISO07_0159,ISO08_0159,,,,,,,,,,,,,,GCF_000010485.1_0159
ST131_group_10,,hypothetical protein,ISO01_0160,ISO02_0160,ISO03_0160,ISO04_0160,ISO05_0160,ISO06_0160,ISO07_0160,ISO08_0160,,,,,,,,,,,,,,GCF_000010485.1_0160
ST131_group_11,,hypothetical protein,ISO01_0161,ISO02_0161,ISO03_0161,ISO04_0161,ISO05_0161,ISO06_0161,ISO07_0161,ISO08_0161,,,,,,,,,,,,,,GCF_000010485.1_0161
ST131_group_12,,hypothetical protein,ISO01_0162,ISO02_0162,,ISO04_0162,ISO05_0162,ISO06_0162,ISO07_0162,ISO08_0162,,,,,,,,,,,,,,GCF_000010485.1_0162
ST131_group_13,,hypothetical protein,ISO01_0163,ISO02_0163,ISO03_0163,,ISO05_0163,ISO06_0163,ISO07_0163,ISO08_0163,,,,,,,,,,,,,,GCF_000010485.1_0163
ST131_group_14,,hypothetical protein,ISO01_0164,ISO02_0164,ISO03_0164,ISO04_0164,ISO05_0164,ISO06_0164,ISO07_0164,ISO08_0164,,,,,,,,,,,,,,GCF_000010485.1_0164
ST131_group_15,,hypothetical protein,ISO01_0165,,ISO03_0165,ISO04_0165,ISO05_0165,ISO06_0165,ISO07_0165,ISO08_0165,,,,,,,,,,,,,,GCF_000010485.1_0165
ST73_group_01,,hypothetical protein,,,,,,,,,ISO09_0166,ISO10_0166,ISO11_0166,ISO12_0166,ISO13_0166,,,,,,,,,
ST73_group_02,,hypothetical protein,,,,,,,,,ISO09_0167,ISO10_0167,ISO11_0167,,ISO13_0167,,,,,,,,,
ST73_group_03,,hypothetical protein,,,,,,,,,,ISO10_0168,ISO11_0168,ISO12_0168,ISO13_0168,,,,,,,,,
ST73_group_04,,hypothetical protein,,,,,,,,,,ISO10_0169,ISO11_0169,ISO12_0169,ISO13_0169,,,,,,,,,
ST73_group_05,,hypothetical protein,,,,,,,,,ISO09_0170,,ISO11_0170,ISO12_0170,ISO13_0170,,,,,,,,,
ST73_group_06,,hypothetical protein,,,,,,,,,ISO09_0171,ISO10_0171,ISO11_0171,ISO12_0171,ISO13_0171,,,,,,,,,
ST73_group_07,,hypothetical protein,,,,,,,,,ISO09_0172,ISO10_0172,ISO11_0172,ISO12_0172,ISO13_0172,,,,,,,,,
ST73_group_08,,hypothetical protein,,,,,,,,,ISO09_0173,ISO10_0173,ISO11_0173,ISO12_0173,ISO13_0173,,,,,,,,,
ST73_group_09,,hypothetical protein,,,,,,,,,ISO09_0174,ISO10_0174,ISO11_0174,ISO12_0174,,,,,,,,,,
ST73_group_10,,hypothetical protein,,,,,,,,,ISO09_0175,ISO10_0175,ISO11_0175,ISO12_0175,ISO13_0175,,,,,,,,,
ST73_group_11,,hypothetical protein,,,,,,,,,ISO09_0176,ISO10_0176,,ISO12_0176,ISO13_0176,,,,,,,,,
ST73_group_12,,hypothetical protein,,,,,,,,,ISO09_0177,ISO10_0177,ISO11_0177,ISO12_0177,ISO13_0177,,,,,,,,,
ST73_group_13,,hypothetical protein,,,,,,,,,ISO09_0178,ISO10_0178,ISO11_0178,ISO12_0178,ISO13_0178,,,,,,,,,
ST73_group_14,,hypothetical protein,,,,,,,,,ISO09_0179,ISO10_0179,ISO11_0179,ISO12_0179,ISO13_0179,,,,,,,,,
ST73_group_15,,hypothetical protein,,,,,,,,,ISO09_0180,ISO10_0180,ISO11_0180,ISO12_0180,ISO13_0180,,,,,,,,,
ST10_group_01,,hypothetical protein,,,,,,,,,,,,,,ISO14_0181,ISO15_0181,ISO16_0181,ISO17_0181,ISO18_0181,,,,
ST10_group_02,,hypothetical protein,,,,,,,,,,,,,,ISO14_0182,ISO15_0182,ISO16_0182,ISO17_0182,,,,,
ST10_group_03,,hypothetical protein,,,,,,,,,,,,,,ISO14_0183,ISO15_0183,ISO16_0183,,ISO18_0183,,,GCF_000005845.2_0183,
ST10_group_04,,hypothetical protein,,,,,,,,,,,,,,ISO14_0184,ISO15_0184,ISO16_0184,ISO17_0184,ISO18_0184,,,GCF_000005845.2_0184,
ST10_group_05,,hypothetical protein,,,,,,,,,,,,,,ISO14_0185,ISO15_0185,ISO16_0185,ISO17_0185,ISO18_0185,,,GCF_000005845.2_0185,
ST10_group_06,,hypothetical protein,,,,,,,,,,,,,,ISO14_0186,ISO15_0186,ISO16_0186,ISO17_0186,ISO18_0186,,,GCF_000005845.2_0186,
ST10_group_07,,hypothetical protein,,,,,,,,,,,,,,,ISO15_0187,,ISO17_0187,ISO18_0187,,,GCF_000005845.2_0187,
ST10_group_08,,hypothetical protein,,,,,,,,,,,,,,ISO14_0188,ISO15_0188,ISO16_0188,ISO17_0188,ISO18_0188,,,GCF_000005845.2_0188,
ST10_group_09,,hypothetical protein,,,,,,,,,,,,,,ISO14_0189,ISO15_0189,ISO16_0189,ISO17_0189,ISO18_0189,,,GCF_000005845.2_0189,
ST10_group_10,,hypothetical protein,,,,,,,,,,,,,,ISO14_0190,ISO15_0190,ISO16_0190,ISO17_0190,ISO18_0190,,,GCF_000005845.2_0190,
ST10_group_11,,hypothetical protein,,,,,,,,,,,,,,ISO14_0191,ISO15_0191,ISO16_0191,ISO17_0191,,,,,
ST10_group_12,,hypothetical protein,,,,,,,,,,,,,,ISO14_0192,ISO15_0192,ISO16_0192,ISO17_0192,ISO18_0192,,,GCF_000005845.2_0192,
ST10_group_13,,hypothetical protein,,,,,,,,,,,,,,ISO14_0193,ISO15_0193,ISO16_0193,ISO17_0193,ISO18_0193,,,GCF_000005845.2_0193,
ST10_group_14,,hypothetical protein,,,,,,,,,,,,,,ISO14_0194,ISO15_0194,ISO16_0194,ISO17_0194,ISO18_0194,,,GCF_000005845.2_0194,
ST10_group_15,,hypothetical protein,,,,,,,,,,,,,,ISO14_0195,ISO15_0195,ISO16_0195,ISO17_0195,ISO18_0195,,,,
ST69_group_01,,hypothetical protein,,,,,,,,,,,,,,,,,,,ISO19_0196,ISO20_0196,,
ST69_group_02,,hypothetical protein,,,,,,,,,,,,,,,,,,,ISO19_0197,ISO20_0197,,
ST69_group_03,,hypothetical protein,,,,,,,,,,,,,,,,,,,ISO19_0198,ISO20_0198,,
ST69_group_04,,hypothetical protein,,,,,,,,,,,,,,,,,,,ISO19_0199,ISO20_0199,,
ST69_group_05,,hypothetical protein,,,,,,,,,,,,,,,,,,,ISO19_0200,ISO20_0200,,
ST69_group_06,,hypothetical protein,,,,,,,,,,,,,,,,,,,ISO19_0201,ISO20_0201,,
ST69_group_07,,hypothetical protein,,,,,,,,,,,,,,,,,,,ISO19_0202,ISO20_0202,,
ST69_group_08,,hypothetical protein,,,,,,,,,,,,,,,,,,,ISO19_0203,ISO20_0203,,
ST69_group_09,,hypothetical protein,,,,,,,,,,,,,,,,,,,ISO19_0204,ISO20_0204,,
ST69_group_10,,hypothetical protein,,,,,,,,,,,,,,,,,,,ISO19_0205,,,
ST69_group_11,,hypothetical protein,,,,,,,,,,,,,,,,,,,ISO19_0206,ISO20_0206,,
ST69_group_12,,hypothetical protein,,,,,,,,,,,,,,,,,,,ISO19_0207,ISO20_0207,,
ST69_group_13,,hypothetical protein,,,,,,,,,,,,,,,,,,,ISO19_0208,ISO20_0208,,
ST69_group_14,,hypothetical protein,,,,,,,,,,,,,,,,,,,ISO19_0209,ISO20_0209,,
ST69_group_15,,hypothetical protein,,,,,,,,,,,,,,,,,,,ISO19_0210,ISO20_0210,,
group_6123,,hypothetical protein,,,,,ISO05_0211,,,,,,,,ISO13_0211,,,,,,,,,GCF_000010485.1_0211
group_8456,,hypothetical protein,,,ISO03_0212,,,,,,,,,,,,,,,,,,,
group_3212,,hypothetical protein,ISO01_0213,,,,,,,,,,,ISO12_0213,,,,ISO16_0213,ISO17_0213,,,ISO20_0213,,
group_5594,,hypothetical protein,,,,,ISO05_0214,ISO06_0214,,,ISO09_0214,,,,,,,,,,,,,
group_7774,,hypothetical protein,ISO01_0215,,,,,,,,,,,ISO12_0215,,,,,,,,,GCF_000005845.2_0215,
group_5834,,hypothetical protein,ISO01_0216,,,,,,,,,,,,ISO13_0216,ISO14_0216,,,,,,,,
group_3255,,hypothetical protein,ISO01_0217,,,,,,ISO07_0217,,,,,,,,,,,,,,,
group_6480,,hypothetical protein,,,,,,,,,,,,,,,,,ISO17_0218,,,,GCF_000005845.2_0218,
group_4232,,hypothetical protein,,,,,,,,,,,,,,,,ISO16_0219,,,,,,
group_2278,,hypothetical protein,,,,,,,,,,,,ISO12_0220,,,,,ISO17_0220,,,,GCF_000005845.2_0220,
group_2540,,hypothetical protein,,,,,,,,,,,,,,,,ISO16_0221,,,,,,GCF_000010485.1_0221
group_7791,,hypothetical protein,,,,,,,,,,,,,,,,,,,ISO19_0222,,,
group_3034,,hypothetical protein,,ISO02_0223,,,,,ISO07_0223,,,ISO10_0223,,,,,,,,,,,,
group_9499,,hypothetical protein,,,,,,ISO06_0224,,,,,,,,,,,,,,,,
group_3453,,hypothetical protein,,,,ISO04_0225,,,,,,,,,,,ISO15_0225,,,,,,,
group_5345,,hypothetical protein,,,ISO03_0226,,,,,,,,,,,,ISO15_0226,,,,ISO19_0226,,,
group_7662,,hypothetical protein,ISO01_0227,,,,ISO05_0227,,,,,,,,,,,ISO16_0227,,,ISO19_0227,,,
group_3547,,hypothetical protein,,ISO02_0228,,,,,,,,,,,,,,,,ISO18_0228,,,,
group_3852,,hypothetical protein,,,,,,,,,,,,,,,,ISO16_0229,,,,,,
group_4723,,hypothetical protein,,,ISO03_0230,,,,,,,,ISO11_0230,,,,,,,,,ISO20_0230,,
group_5120,,hypothetical protein,,,,,ISO05_0231,,,,,,,,,,,,,,,,,GCF_000010485.1_0231
group_8554,,hypothetical protein,,,,ISO04_0232,,,,,ISO09_0232,,,,,,,,,ISO18_0232,,,,
group_6264,,hypothetical protein,,,,,,,,,,,,,,,,,ISO17_0233,,,,,GCF_000010485.1_0233
group_5913,,hypothetical protein,,,,,,,,ISO08_0234,,,,,,,,,,,,,,
group_4022,,hypothetical protein,,,,,,,,,,,,,,,,,,,,,,GCF_000010485.1_0235
group_7418,,hypothetical protein,,,,,,ISO06_0236,,,,,,,,,,,,,,,,
group_2509,,hypothetical protein,,,,,,,,,,,,,ISO13_0237,,,ISO16_0237,,,,,,
group_6263,,hypothetical protein,,,,,,ISO06_0238,,ISO08_0238,,,,,,,,,,,,,,
intI1,,mobile element or virulence protein,,ISO02_0239,ISO03_0239,,,,ISO07_0239,ISO08_0239,ISO09_0239,,ISO11_0239,ISO12_0239,ISO13_0239,ISO14_0239,,,ISO17_0239,,,,,GCF_000010485.1_0239
traA,,mobile element or virulence protein,ISO01_0240,ISO02_0240,ISO03_0240,,,ISO06_0240,ISO07_0240,ISO08_0240,,ISO10_0240,ISO11_0240,ISO12_0240,,,,,,,,,,GCF_000010485.1_0240
traD,,mobile element or virulence protein,ISO01_0241,ISO02_0241,,,ISO05_0241,ISO06_0241,ISO07_0241,,ISO09_0241,,ISO11_0241,ISO12_0241,,,,,,,ISO19_0241,,GCF_000005845.2_0241,GCF_000010485.1_0241
repFIB,,mobile element or virulence protein,ISO01_0242,ISO02_0242,,,ISO05_0242,,ISO07_0242,,ISO09_0242,,,ISO12_0242,,,,ISO16_0242,,,,,,
repFII,,mobile element or virulence protein,,,ISO03_0243,ISO04_0243,ISO05_0243,,,ISO08_0243,ISO09_0243,ISO10_0243,,,,,ISO15_0243,,,,,,,GCF_000010485.1_0243
phage_int,,mobile element or virulence protein,ISO01_0244,ISO02_0244,ISO03_0244,ISO04_0244,ISO05_0244,ISO06_0244,,,,,ISO11_0244,,ISO13_0244,,ISO15_0244,ISO16_0244,ISO17_0244,ISO18_0244,,,,GCF_000010485.1_0244
papC,,mobile element or virulence protein,ISO01_0245,ISO02_0245,,,ISO05_0245,ISO06_0245,ISO07_0245,ISO08_0245,,ISO10_0245,ISO11_0245,ISO12_0245,ISO13_0245,,,,,,,,,
papG,,mobile element or virulence protein,,,,ISO04_0246,ISO05_0246,,ISO07_0246,ISO08_0246,ISO09_0246,ISO10_0246,ISO11_0246,ISO12_0246,ISO13_0246,,,ISO16_0246,ISO17_0246,ISO18_0246,,,,
hlyA,,mobile element or virulence protein,ISO01_0247,ISO02_0247,,ISO04_0247,ISO05_0247,ISO06_0247,ISO07_0247,ISO08_0247,ISO09_0247,,ISO11_0247,ISO12_0247,ISO13_0247,,,,,,,ISO20_0247,,GCF_000010485.1_0247
cnf1,,mobile element or virulence protein,,ISO02_0248,ISO03_0248,ISO04_0248,,,ISO07_0248,,,ISO10_0248,,ISO12_0248,ISO13_0248,,,,,,,,,GCF_000010485.1_0248
iutA,,mobile element or virulence protein,,ISO02_0249,,ISO04_0249,,,ISO07_0249,ISO08_0249,,ISO10_0249,ISO11_0249,ISO12_0249,ISO13_0249,ISO14_0249,,,,ISO18_0249,,ISO20_0249,GCF_000005845.2_0249,
fyuA,,mobile element or virulence protein,,,,,ISO05_0250,,,ISO08_0250,ISO09_0250,,ISO11_0250,ISO12_0250,,ISO14_0250,,,,,ISO19_0250,,,
