sample	bacterial_archaeal_bases	metagenome_size	read_fraction	average_bacterial_archaeal_genome_size	warning	domain_relative_abundance
S01_R1	1.623e+09	1.929e+09	84.15	3200000		1
S02_R1	8.33e+08	9.41e+08	88.52	3200000		1
S03_R1	4.01e+08	4.37e+08	91.69	3200000		1
S04_R1	3.66e+08	4.34e+08	84.28	3200000		1
S05_R1	3.56e+08	4.05e+08	87.86	3200000		1
S06_R1	7.13e+08	7.95e+08	89.66	3200000		1
S07_R1	1.173e+09	1.321e+09	88.79	3200000		1
S08_R1	8.48e+08	1.066e+09	79.55	3200000		1
S09_R1	1.492e+09	1.602e+09	93.11	3200000		1
S10_R1	4.46e+08	5.77e+08	77.32	3200000		1
S11_R1	8.97e+08	9.56e+08	93.79	3200000		1
S12_R1	3.08e+08	3.6e+08	85.67	3200000		1
S13_R1	1.516e+09	1.772e+09	85.55	3200000		1
S14_R1	1.289e+09	1.544e+09	83.46	3200000		1
S15_R1	5.34e+08	6.24e+08	85.6	3200000		1
S16_R1	3.81e+08	4.09e+08	93.26	3200000		1
S17_R1	3.17e+08	3.58e+08	88.65	3200000		1
S18_R1	1.317e+09	1.598e+09	82.39	3200000		1
S19_R1	5.49e+08	6.82e+08	80.5	3200000		1
S20_R1	1.372e+09	1.644e+09	83.44	3200000		1
S21_R1	7.55e+08	8.06e+08	93.71	3200000		1
S22_R1	6.17e+08	7.48e+08	82.54	3200000		1
S23_R1	3.8e+08	4.16e+08	91.25	3200000		1
S24_R1	6.69e+08	8.28e+08	80.79	3200000		1
