/work/fastas/ISO01.fasta	/work/fastas/ISO01.fasta	100	1650	1700
/work/fastas/ISO02.fasta	/work/fastas/ISO01.fasta	99.886	1650	1700
/work/fastas/ISO03.fasta	/work/fastas/ISO01.fasta	99.8513	1650	1700
/work/fastas/ISO04.fasta	/work/fastas/ISO01.fasta	99.9091	1650	1700
/work/fastas/ISO05.fasta	/work/fastas/ISO01.fasta	99.9157	1650	1700
/work/fastas/ISO06.fasta	/work/fastas/ISO01.fasta	99.8674	1650	1700
/work/fastas/ISO07.fasta	/work/fastas/ISO01.fasta	99.8612	1650	1700
/work/fastas/ISO08.fasta	/work/fastas/ISO01.fasta	99.8201	1650	1700
/work/fastas/ISO09.fasta	/work/fastas/ISO01.fasta	97.6845	1650	1700
/work/fastas/ISO10.fasta	/work/fastas/ISO01.fasta	97.6881	1650	1700
/work/fastas/ISO11.fasta	/work/fastas/ISO01.fasta	97.6776	1650	1700
/work/fastas/ISO12.fasta	/work/fastas/ISO01.fasta	97.703	1650	1700
/work/fastas/ISO13.fasta	/work/fastas/ISO01.fasta	97.751	1650	1700
/work/fastas/ISO14.fasta	/work/fastas/ISO01.fasta	97.6123	1650	1700
/work/fastas/ISO15.fasta	/work/fastas/ISO01.fasta	97.6222	1650	1700
/work/fastas/ISO16.fasta	/work/fastas/ISO01.fasta	97.6228	1650	1700
/work/fastas/ISO17.fasta	/work/fastas/ISO01.fasta	97.611	1650	1700
/work/fastas/ISO18.fasta	/work/fastas/ISO01.fasta	97.6706	1650	1700
/work/fastas/ISO19.fasta	/work/fastas/ISO01.fasta	97.6858	1650	1700
/work/fastas/ISO20.fasta	/work/fastas/ISO01.fasta	97.6467	1650	1700
/work/fastas/GCF_000005845.2.fasta	/work/fastas/ISO01.fasta	97.6704	1650	1700
/work/fastas/GCF_000010485.1.fasta	/work/fastas/ISO01.fasta	99.864	1650	1700
/work/fastas/ISO01.fasta	/work/fastas/ISO02.fasta	99.8601	1650	1700
/work/fastas/ISO02.fasta	/work/fastas/ISO02.fasta	100	1650	1700
/work/fastas/ISO03.fasta	/work/fastas/ISO02.fasta	99.7783	1650	1700
/work/fastas/ISO04.fasta	/work/fastas/ISO02.fasta	99.8573	1650	1700
/work/fastas/ISO05.fasta	/work/fastas/ISO02.fasta	99.8878	1650	1700
/work/fastas/ISO06.fasta	/work/fastas/ISO02.fasta	99.8774	1650	1700
/work/fastas/ISO07.fasta	/work/fastas/ISO02.fasta	99.8326	1650	1700
/work/fastas/ISO08.fasta	/work/fastas/ISO02.fasta	99.824	1650	1700
/work/fastas/ISO09.fasta	/work/fastas/ISO02.fasta	97.7268	1650	1700
/work/fastas/ISO10.fasta	/work/fastas/ISO02.fasta	97.7055	1650	1700
/work/fastas/ISO11.fasta	/work/fastas/ISO02.fasta	97.6813	1650	1700
/work/fastas/ISO12.fasta	/work/fastas/ISO02.fasta	97.7201	1650	1700
/work/fastas/ISO13.fasta	/work/fastas/ISO02.fasta	97.7306	1650	1700
/work/fastas/ISO14.fasta	/work/fastas/ISO02.fasta	97.6383	1650	1700
/work/fastas/ISO15.fasta	/work/fastas/ISO02.fasta	97.6336	1650	1700
/work/fastas/ISO16.fasta	/work/fastas/ISO02.fasta	97.6565	1650	1700
/work/fastas/ISO17.fasta	/work/fastas/ISO02.fasta	97.6524	1650	1700
/work/fastas/ISO18.fasta	/work/fastas/ISO02.fasta	97.6663	1650	1700
/work/fastas/ISO19.fasta	/work/fastas/ISO02.fasta	97.6456	1650	1700
/work/fastas/ISO20.fasta	/work/fastas/ISO02.fasta	97.6382	1650	1700
/work/fastas/GCF_000005845.2.fasta	/work/fastas/ISO02.fasta	97.6477	1650	1700
/work/fastas/GCF_000010485.1.fasta	/work/fastas/ISO02.fasta	99.8019	1650	1700
/work/fastas/ISO01.fasta	/work/fastas/ISO03.fasta	99.8275	1650	1700
/work/fastas/ISO02.fasta	/work/fastas/ISO03.fasta	99.7987	1650	1700
/work/fastas/ISO03.fasta	/work/fastas/ISO03.fasta	100	1650	1700
/work/fastas/ISO04.fasta	/work/fastas/ISO03.fasta	99.8405	1650	1700
/work/fastas/ISO05.fasta	/work/fastas/ISO03.fasta	99.8427	1650	1700
/work/fastas/ISO06.fasta	/work/fastas/ISO03.fasta	99.8609	1650	1700
/work/fastas/ISO07.fasta	/work/fastas/ISO03.fasta	99.7955	1650	1700
/work/fastas/ISO08.fasta	/work/fastas/ISO03.fasta	99.8037	1650	1700
/work/fastas/ISO09.fasta	/work/fastas/ISO03.fasta	97.7108	1650	1700
/work/fastas/ISO10.fasta	/work/fastas/ISO03.fasta	97.7037	1650	1700
/work/fastas/ISO11.fasta	/work/fastas/ISO03.fasta	97.6775	1650	1700
/work/fastas/ISO12.fasta	/work/fastas/ISO03.fasta	97.7027	1650	1700
/work/fastas/ISO13.fasta	/work/fastas/ISO03.fasta	97.7331	1650	1700
/work/fastas/ISO14.fasta	/work/fastas/ISO03.fasta	97.6178	1650	1700
/work/fastas/ISO15.fasta	/work/fastas/ISO03.fasta	97.6165	1650	1700
/work/fastas/ISO16.fasta	/work/fastas/ISO03.fasta	97.6476	1650	1700
/work/fastas/ISO17.fasta	/work/fastas/ISO03.fasta	97.6222	1650	1700
/work/fastas/ISO18.fasta	/work/fastas/ISO03.fasta	97.6351	1650	1700
/work/fastas/ISO19.fasta	/work/fastas/ISO03.fasta	97.6611	1650	1700
/work/fastas/ISO20.fasta	/work/fastas/ISO03.fasta	97.6717	1650	1700
/work/fastas/GCF_000005845.2.fasta	/work/fastas/ISO03.fasta	97.6381	1650	1700
/work/fastas/GCF_000010485.1.fasta	/work/fastas/ISO03.fasta	99.8082	1650	1700
/work/fastas/ISO01.fasta	/work/fastas/ISO04.fasta	99.8904	1650	1700
/work/fastas/ISO02.fasta	/work/fastas/ISO04.fasta	99.8587	1650	1700
/work/fastas/ISO03.fasta	/work/fastas/ISO04.fasta	99.8452	1650	1700
/work/fastas/ISO04.fasta	/work/fastas/ISO04.fasta	100	1650	1700
/work/fastas/ISO05.fasta	/work/fastas/ISO04.fasta	99.9186	1650	1700
/work/fastas/ISO06.fasta	/work/fastas/ISO04.fasta	99.9072	1650	1700
/work/fastas/ISO07.fasta	/work/fastas/ISO04.fasta	99.8256	1650	1700
/work/fastas/ISO08.fasta	/work/fastas/ISO04.fasta	99.8326	1650	1700
/work/fastas/ISO09.fasta	/work/fastas/ISO04.fasta	97.7042	1650	1700
/work/fastas/ISO10.fasta	/work/fastas/ISO04.fasta	97.733	1650	1700
/work/fastas/ISO11.fasta	/work/fastas/ISO04.fasta	97.7048	1650	1700
/work/fastas/ISO12.fasta	/work/fastas/ISO04.fasta	97.7437	1650	1700
/work/fastas/ISO13.fasta	/work/fastas/ISO04.fasta	97.732	1650	1700
/work/fastas/ISO14.fasta	/work/fastas/ISO04.fasta	97.6495	1650	1700
/work/fastas/ISO15.fasta	/work/fastas/ISO04.fasta	97.6194	1650	1700
/work/fastas/ISO16.fasta	/work/fastas/ISO04.fasta	97.6674	1650	1700
/work/fastas/ISO17.fasta	/work/fastas/ISO04.fasta	97.6185	1650	1700
/work/fastas/ISO18.fasta	/work/fastas/ISO04.fasta	97.6696	1650	1700
/work/fastas/ISO19.fasta	/work/fastas/ISO04.fasta	97.6411	1650	1700
/work/fastas/ISO20.fasta	/work/fastas/ISO04.fasta	97.6317	1650	1700
/work/fastas/GCF_000005845.2.fasta	/work/fastas/ISO04.fasta	97.6371	1650	1700
/work/fastas/GCF_000010485.1.fasta	/work/fastas/ISO04.fasta	99.8787	1650	1700
/work/fastas/ISO01.fasta	/work/fastas/ISO05.fasta	99.895	1650	1700
/work/fastas/ISO02.fasta	/work/fastas/ISO05.fasta	99.8456	1650	1700
/work/fastas/ISO03.fasta	/work/fastas/ISO05.fasta	99.8228	1650	1700
/work/fastas/ISO04.fasta	/work/fastas/ISO05.fasta	99.9262	1650	1700
/work/fastas/ISO05.fasta	/work/fastas/ISO05.fasta	100	1650	1700
/work/fastas/ISO06.fasta	/work/fastas/ISO05.fasta	99.9021	1650	1700
/work/fastas/ISO07.fasta	/work/fastas/ISO05.fasta	99.8627	1650	1700
/work/fastas/ISO08.fasta	/work/fastas/ISO05.fasta	99.8342	1650	1700
/work/fastas/ISO09.fasta	/work/fastas/ISO05.fasta	97.708	1650	1700
/work/fastas/ISO10.fasta	/work/fastas/ISO05.fasta	97.6898	1650	1700
/work/fastas/ISO11.fasta	/work/fastas/ISO05.fasta	97.736	1650	1700
/work/fastas/ISO12.fasta	/work/fastas/ISO05.fasta	97.7299	1650	1700
/work/fastas/ISO13.fasta	/work/fastas/ISO05.fasta	97.7226	1650	1700
/work/fastas/ISO14.fasta	/work/fastas/ISO05.fasta	97.6138	1650	1700
/work/fastas/ISO15.fasta	/work/fastas/ISO05.fasta	97.6588	1650	1700
/work/fastas/ISO16.fasta	/work/fastas/ISO05.fasta	97.6203	1650	1700
/work/fastas/ISO17.fasta	/work/fastas/ISO05.fasta	97.6586	1650	1700
/work/fastas/ISO18.fasta	/work/fastas/ISO05.fasta	97.6341	1650	1700
/work/fastas/ISO19.fasta	/work/fastas/ISO05.fasta	97.6191	1650	1700
/work/fastas/ISO20.fasta	/work/fastas/ISO05.fasta	97.6298	1650	1700
/work/fastas/GCF_000005845.2.fasta	/work/fastas/ISO05.fasta	97.6692	1650	1700
/work/fastas/GCF_000010485.1.fasta	/work/fastas/ISO05.fasta	99.8467	1650	1700
/work/fastas/ISO01.fasta	/work/fastas/ISO06.fasta	99.9208	1650	1700
/work/fastas/ISO02.fasta	/work/fastas/ISO06.fasta	99.851	1650	1700
/work/fastas/ISO03.fasta	/work/fastas/ISO06.fasta	99.824	1650	1700
/work/fastas/ISO04.fasta	/work/fastas/ISO06.fasta	99.9011	1650	1700
/work/fastas/ISO05.fasta	/work/fastas/ISO06.fasta	99.8655	1650	1700
/work/fastas/ISO06.fasta	/work/fastas/ISO06.fasta	100	1650	1700
/work/fastas/ISO07.fasta	/work/fastas/ISO06.fasta	99.8449	1650	1700
/work/fastas/ISO08.fasta	/work/fastas/ISO06.fasta	99.8134	1650	1700
/work/fastas/ISO09.fasta	/work/fastas/ISO06.fasta	97.6988	1650	1700
/work/fastas/ISO10.fasta	/work/fastas/ISO06.fasta	97.7092	1650	1700
/work/fastas/ISO11.fasta	/work/fastas/ISO06.fasta	97.7062	1650	1700
/work/fastas/ISO12.fasta	/work/fastas/ISO06.fasta	97.7252	1650	1700
/work/fastas/ISO13.fasta	/work/fastas/ISO06.fasta	97.6999	1650	1700
/work/fastas/ISO14.fasta	/work/fastas/ISO06.fasta	97.6175	1650	1700
/work/fastas/ISO15.fasta	/work/fastas/ISO06.fasta	97.6421	1650	1700
/work/fastas/ISO16.fasta	/work/fastas/ISO06.fasta	97.6412	1650	1700
/work/fastas/ISO17.fasta	/work/fastas/ISO06.fasta	97.6383	1650	1700
/work/fastas/ISO18.fasta	/work/fastas/ISO06.fasta	97.6654	1650	1700
/work/fastas/ISO19.fasta	/work/fastas/ISO06.fasta	97.6679	1650	1700
/work/fastas/ISO20.fasta	/work/fastas/ISO06.fasta	97.6615	1650	1700
/work/fastas/GCF_000005845.2.fasta	/work/fastas/ISO06.fasta	97.6556	1650	1700
/work/fastas/GCF_000010485.1.fasta	/work/fastas/ISO06.fasta	99.8491	1650	1700
/work/fastas/ISO01.fasta	/work/fastas/ISO07.fasta	99.8267	1650	1700
/work/fastas/ISO02.fasta	/work/fastas/ISO07.fasta	99.8262	1650	1700
/work/fastas/ISO03.fasta	/work/fastas/ISO07.fasta	99.8031	1650	1700
/work/fastas/ISO04.fasta	/work/fastas/ISO07.fasta	99.8808	1650	1700
/work/fastas/ISO05.fasta	/work/fastas/ISO07.fasta	99.8632	1650	1700
/work/fastas/ISO06.fasta	/work/fastas/ISO07.fasta	99.8281	1650	1700
/work/fastas/ISO07.fasta	/work/fastas/ISO07.fasta	100	1650	1700
/work/fastas/ISO08.fasta	/work/fastas/ISO07.fasta	99.7826	1650	1700
/work/fastas/ISO09.fasta	/work/fastas/ISO07.fasta	97.6979	1650	1700
/work/fastas/ISO10.fasta	/work/fastas/ISO07.fasta	97.7062	1650	1700
/work/fastas/ISO11.fasta	/work/fastas/ISO07.fasta	97.6829	1650	1700
/work/fastas/ISO12.fasta	/work/fastas/ISO07.fasta	97.7134	1650	1700
/work/fastas/ISO13.fasta	/work/fastas/ISO07.fasta	97.6914	1650	1700
/work/fastas/ISO14.fasta	/work/fastas/ISO07.fasta	97.6579	1650	1700
/work/fastas/ISO15.fasta	/work/fastas/ISO07.fasta	97.6461	1650	1700
/work/fastas/ISO16.fasta	/work/fastas/ISO07.fasta	97.6282	1650	1700
/work/fastas/ISO17.fasta	/work/fastas/ISO07.fasta	97.6334	1650	1700
/work/fastas/ISO18.fasta	/work/fastas/ISO07.fasta	97.6465	1650	1700
/work/fastas/ISO19.fasta	/work/fastas/ISO07.fasta	97.6647	1650	1700
/work/fastas/ISO20.fasta	/work/fastas/ISO07.fasta	97.6335	1650	1700
/work/fastas/GCF_000005845.2.fasta	/work/fastas/ISO07.fasta	97.6372	1650	1700
/work/fastas/GCF_000010485.1.fasta	/work/fastas/ISO07.fasta	99.8347	1650	1700
/work/fastas/ISO01.fasta	/work/fastas/ISO08.fasta	99.8432	1650	1700
/work/fastas/ISO02.fasta	/work/fastas/ISO08.fasta	99.7779	1650	1700
/work/fastas/ISO03.fasta	/work/fastas/ISO08.fasta	99.8024	1650	1700
/work/fastas/ISO04.fasta	/work/fastas/ISO08.fasta	99.8366	1650	1700
/work/fastas/ISO05.fasta	/work/fastas/ISO08.fasta	99.8655	1650	1700
/work/fastas/ISO06.fasta	/work/fastas/ISO08.fasta	99.8268	1650	1700
/work/fastas/ISO07.fasta	/work/fastas/ISO08.fasta	99.8146	1650	1700
/work/fastas/ISO08.fasta	/work/fastas/ISO08.fasta	100	1650	1700
/work/fastas/ISO09.fasta	/work/fastas/ISO08.fasta	97.6851	1650	1700
/work/fastas/ISO10.fasta	/work/fastas/ISO08.fasta	97.6963	1650	1700
/work/fastas/ISO11.fasta	/work/fastas/ISO08.fasta	97.7169	1650	1700
/work/fastas/ISO12.fasta	/work/fastas/ISO08.fasta	97.7187	1650	1700
/work/fastas/ISO13.fasta	/work/fastas/ISO08.fasta	97.6864	1650	1700
/work/fastas/ISO14.fasta	/work/fastas/ISO08.fasta	97.6114	1650	1700
/work/fastas/ISO15.fasta	/work/fastas/ISO08.fasta	97.6172	1650	1700
/work/fastas/ISO16.fasta	/work/fastas/ISO08.fasta	97.6379	1650	1700
/work/fastas/ISO17.fasta	/work/fastas/ISO08.fasta	97.6085	1650	1700
/work/fastas/ISO18.fasta	/work/fastas/ISO08.fasta	97.655	1650	1700
/work/fastas/ISO19.fasta	/work/fastas/ISO08.fasta	97.6496	1650	1700
/work/fastas/ISO20.fasta	/work/fastas/ISO08.fasta	97.6159	1650	1700
/work/fastas/GCF_000005845.2.fasta	/work/fastas/ISO08.fasta	97.6674	1650	1700
/work/fastas/GCF_000010485.1.fasta	/work/fastas/ISO08.fasta	99.8105	1650	1700
/work/fastas/ISO01.fasta	/work/fastas/ISO09.fasta	97.7352	1650	1700
/work/fastas/ISO02.fasta	/work/fastas/ISO09.fasta	97.7044	1650	1700
/work/fastas/ISO03.fasta	/work/fastas/ISO09.fasta	97.696	1650	1700
/work/fastas/ISO04.fasta	/work/fastas/ISO09.fasta	97.7137	1650	1700
/work/fastas/ISO05.fasta	/work/fastas/ISO09.fasta	97.687	1650	1700
/work/fastas/ISO06.fasta	/work/fastas/ISO09.fasta	97.709	1650	1700
/work/fastas/ISO07.fasta	/work/fastas/ISO09.fasta	97.6865	1650	1700
/work/fastas/ISO08.fasta	/work/fastas/ISO09.fasta	97.7092	1650	1700
/work/fastas/ISO09.fasta	/work/fastas/ISO09.fasta	100	1650	1700
/work/fastas/ISO10.fasta	/work/fastas/ISO09.fasta	99.8345	1650	1700
/work/fastas/ISO11.fasta	/work/fastas/ISO09.fasta	99.8184	1650	1700
/work/fastas/ISO12.fasta	/work/fastas/ISO09.fasta	99.8935	1650	1700
/work/fastas/ISO13.fasta	/work/fastas/ISO09.fasta	99.8653	1650	1700
/work/fastas/ISO14.fasta	/work/fastas/ISO09.fasta	97.6923	1650	1700
/work/fastas/ISO15.fasta	/work/fastas/ISO09.fasta	97.7039	1650	1700
/work/fastas/ISO16.fasta	/work/fastas/ISO09.fasta	97.7373	1650	1700
/work/fastas/ISO17.fasta	/work/fastas/ISO09.fasta	97.7154	1650	1700
/work/fastas/ISO18.fasta	/work/fastas/ISO09.fasta	97.6727	1650	1700
/work/fastas/ISO19.fasta	/work/fastas/ISO09.fasta	97.6158	1650	1700
/work/fastas/ISO20.fasta	/work/fastas/ISO09.fasta	97.6015	1650	1700
/work/fastas/GCF_000005845.2.fasta	/work/fastas/ISO09.fasta	97.7077	1650	1700
/work/fastas/GCF_000010485.1.fasta	/work/fastas/ISO09.fasta	97.7054	1650	1700
/work/fastas/ISO01.fasta	/work/fastas/ISO10.fasta	97.7318	1650	1700
/work/fastas/ISO02.fasta	/work/fastas/ISO10.fasta	97.6908	1650	1700
/work/fastas/ISO03.fasta	/work/fastas/ISO10.fasta	97.6855	1650	1700
/work/fastas/ISO04.fasta	/work/fastas/ISO10.fasta	97.7328	1650	1700
/work/fastas/ISO05.fasta	/work/fastas/ISO10.fasta	97.7235	1650	1700
/work/fastas/ISO06.fasta	/work/fastas/ISO10.fasta	97.7279	1650	1700
/work/fastas/ISO07.fasta	/work/fastas/ISO10.fasta	97.6905	1650	1700
/work/fastas/ISO08.fasta	/work/fastas/ISO10.fasta	97.6918	1650	1700
/work/fastas/ISO09.fasta	/work/fastas/ISO10.fasta	99.8724	1650	1700
/work/fastas/ISO10.fasta	/work/fastas/ISO10.fasta	100	1650	1700
/work/fastas/ISO11.fasta	/work/fastas/ISO10.fasta	99.8666	1650	1700
/work/fastas/ISO12.fasta	/work/fastas/ISO10.fasta	99.8597	1650	1700
/work/fastas/ISO13.fasta	/work/fastas/ISO10.fasta	99.8789	1650	1700
/work/fastas/ISO14.fasta	/work/fastas/ISO10.fasta	97.6964	1650	1700
/work/fastas/ISO15.fasta	/work/fastas/ISO10.fasta	97.6913	1650	1700
/work/fastas/ISO16.fasta	/work/fastas/ISO10.fasta	97.6948	1650	1700
/work/fastas/ISO17.fasta	/work/fastas/ISO10.fasta	97.7126	1650	1700
/work/fastas/ISO18.fasta	/work/fastas/ISO10.fasta	97.7053	1650	1700
/work/fastas/ISO19.fasta	/work/fastas/ISO10.fasta	97.6386	1650	1700
/work/fastas/ISO20.fasta	/work/fastas/ISO10.fasta	97.625	1650	1700
/work/fastas/GCF_000005845.2.fasta	/work/fastas/ISO10.fasta	97.7032	1650	1700
/work/fastas/GCF_000010485.1.fasta	/work/fastas/ISO10.fasta	97.7003	1650	1700
/work/fastas/ISO01.fasta	/work/fastas/ISO11.fasta	97.7132	1650	1700
/work/fastas/ISO02.fasta	/work/fastas/ISO11.fasta	97.6834	1650	1700
/work/fastas/ISO03.fasta	/work/fastas/ISO11.fasta	97.7343	1650	1700
/work/fastas/ISO04.fasta	/work/fastas/ISO11.fasta	97.6979	1650	1700
/work/fastas/ISO05.fasta	/work/fastas/ISO11.fasta	97.7265	1650	1700
/work/fastas/ISO06.fasta	/work/fastas/ISO11.fasta	97.7074	1650	1700
/work/fastas/ISO07.fasta	/work/fastas/ISO11.fasta	97.6766	1650	1700
/work/fastas/ISO08.fasta	/work/fastas/ISO11.fasta	97.6828	1650	1700
/work/fastas/ISO09.fasta	/work/fastas/ISO11.fasta	99.8479	1650	1700
/work/fastas/ISO10.fasta	/work/fastas/ISO11.fasta	99.8282	1650	1700
/work/fastas/ISO11.fasta	/work/fastas/ISO11.fasta	100	1650	1700
/work/fastas/ISO12.fasta	/work/fastas/ISO11.fasta	99.837	1650	1700
/work/fastas/ISO13.fasta	/work/fastas/ISO11.fasta	99.8379	1650	1700
/work/fastas/ISO14.fasta	/work/fastas/ISO11.fasta	97.7191	1650	1700
/work/fastas/ISO15.fasta	/work/fastas/ISO11.fasta	97.7259	1650	1700
/work/fastas/ISO16.fasta	/work/fastas/ISO11.fasta	97.7032	1650	1700
/work/fastas/ISO17.fasta	/work/fastas/ISO11.fasta	97.693	1650	1700
/work/fastas/ISO18.fasta	/work/fastas/ISO11.fasta	97.7125	1650	1700
/work/fastas/ISO19.fasta	/work/fastas/ISO11.fasta	97.5867	1650	1700
/work/fastas/ISO20.fasta	/work/fastas/ISO11.fasta	97.6151	1650	1700
/work/fastas/GCF_000005845.2.fasta	/work/fastas/ISO11.fasta	97.7196	1650	1700
/work/fastas/GCF_000010485.1.fasta	/work/fastas/ISO11.fasta	97.7174	1650	1700
/work/fastas/ISO01.fasta	/work/fastas/ISO12.fasta	97.7311	1650	1700
/work/fastas/ISO02.fasta	/work/fastas/ISO12.fasta	97.7245	1650	1700
/work/fastas/ISO03.fasta	/work/fastas/ISO12.fasta	97.6991	1650	1700
/work/fastas/ISO04.fasta	/work/fastas/ISO12.fasta	97.7333	1650	1700
/work/fastas/ISO05.fasta	/work/fastas/ISO12.fasta	97.726	1650	1700
/work/fastas/ISO06.fasta	/work/fastas/ISO12.fasta	97.7355	1650	1700
/work/fastas/ISO07.fasta	/work/fastas/ISO12.fasta	97.6846	1650	1700
/work/fastas/ISO08.fasta	/work/fastas/ISO12.fasta	97.7276	1650	1700
/work/fastas/ISO09.fasta	/work/fastas/ISO12.fasta	99.907	1650	1700
/work/fastas/ISO10.fasta	/work/fastas/ISO12.fasta	99.9028	1650	1700
/work/fastas/ISO11.fasta	/work/fastas/ISO12.fasta	99.8796	1650	1700
/work/fastas/ISO12.fasta	/work/fastas/ISO12.fasta	100	1650	1700
/work/fastas/ISO13.fasta	/work/fastas/ISO12.fasta	99.8992	1650	1700
/work/fastas/ISO14.fasta	/work/fastas/ISO12.fasta	97.731	1650	1700
/work/fastas/ISO15.fasta	/work/fastas/ISO12.fasta	97.677	1650	1700
/work/fastas/ISO16.fasta	/work/fastas/ISO12.fasta	97.7087	1650	1700
/work/fastas/ISO17.fasta	/work/fastas/ISO12.fasta	97.739	1650	1700
/work/fastas/ISO18.fasta	/work/fastas/ISO12.fasta	97.6603	1650	1700
/work/fastas/ISO19.fasta	/work/fastas/ISO12.fasta	97.6423	1650	1700
/work/fastas/ISO20.fasta	/work/fastas/ISO12.fasta	97.5944	1650	1700
/work/fastas/GCF_000005845.2.fasta	/work/fastas/ISO12.fasta	97.7224	1650	1700
/work/fastas/GCF_000010485.1.fasta	/work/fastas/ISO12.fasta	97.7416	1650	1700
/work/fastas/ISO01.fasta	/work/fastas/ISO13.fasta	97.7233	1650	1700
/work/fastas/ISO02.fasta	/work/fastas/ISO13.fasta	97.7328	1650	1700
/work/fastas/ISO03.fasta	/work/fastas/ISO13.fasta	97.6927	1650	1700
/work/fastas/ISO04.fasta	/work/fastas/ISO13.fasta	97.746	1650	1700
/work/fastas/ISO05.fasta	/work/fastas/ISO13.fasta	97.7202	1650	1700
/work/fastas/ISO06.fasta	/work/fastas/ISO13.fasta	97.7262	1650	1700
/work/fastas/ISO07.fasta	/work/fastas/ISO13.fasta	97.732	1650	1700
/work/fastas/ISO08.fasta	/work/fastas/ISO13.fasta	97.7063	1650	1700
/work/fastas/ISO09.fasta	/work/fastas/ISO13.fasta	99.8591	1650	1700
/work/fastas/ISO10.fasta	/work/fastas/ISO13.fasta	99.8728	1650	1700
/work/fastas/ISO11.fasta	/work/fastas/ISO13.fasta	99.8653	1650	1700
/work/fastas/ISO12.fasta	/work/fastas/ISO13.fasta	99.8767	1650	1700
/work/fastas/ISO13.fasta	/work/fastas/ISO13.fasta	100	1650	1700
/work/fastas/ISO14.fasta	/work/fastas/ISO13.fasta	97.708	1650	1700
/work/fastas/ISO15.fasta	/work/fastas/ISO13.fasta	97.6744	1650	1700
/work/fastas/ISO16.fasta	/work/fastas/ISO13.fasta	97.7308	1650	1700
/work/fastas/ISO17.fasta	/work/fastas/ISO13.fasta	97.7154	1650	1700
/work/fastas/ISO18.fasta	/work/fastas/ISO13.fasta	97.7191	1650	1700
/work/fastas/ISO19.fasta	/work/fastas/ISO13.fasta	97.6394	1650	1700
/work/fastas/ISO20.fasta	/work/fastas/ISO13.fasta	97.6176	1650	1700
/work/fastas/GCF_000005845.2.fasta	/work/fastas/ISO13.fasta	97.6961	1650	1700
/work/fastas/GCF_000010485.1.fasta	/work/fastas/ISO13.fasta	97.7034	1650	1700
/work/fastas/ISO01.fasta	/work/fastas/ISO14.fasta	97.6392	1650	1700
/work/fastas/ISO02.fasta	/work/fastas/ISO14.fasta	97.6406	1650	1700
/work/fastas/ISO03.fasta	/work/fastas/ISO14.fasta	97.6473	1650	1700
/work/fastas/ISO04.fasta	/work/fastas/ISO14.fasta	97.615	1650	1700
/work/fastas/ISO05.fasta	/work/fastas/ISO14.fasta	97.6588	1650	1700
/work/fastas/ISO06.fasta	/work/fastas/ISO14.fasta	97.6564	1650	1700
/work/fastas/ISO07.fasta	/work/fastas/ISO14.fasta	97.6439	1650	1700
/work/fastas/ISO08.fasta	/work/fastas/ISO14.fasta	97.6362	1650	1700
/work/fastas/ISO09.fasta	/work/fastas/ISO14.fasta	97.6936	1650	1700
/work/fastas/ISO10.fasta	/work/fastas/ISO14.fasta	97.7335	1650	1700
/work/fastas/ISO11.fasta	/work/fastas/ISO14.fasta	97.6891	1650	1700
/work/fastas/ISO12.fasta	/work/fastas/ISO14.fasta	97.6806	1650	1700
/work/fastas/ISO13.fasta	/work/fastas/ISO14.fasta	97.719	1650	1700
/work/fastas/ISO14.fasta	/work/fastas/ISO14.fasta	100	1650	1700
/work/fastas/ISO15.fasta	/work/fastas/ISO14.fasta	99.8092	1650	1700
/work/fastas/ISO16.fasta	/work/fastas/ISO14.fasta	99.823	1650	1700
/work/fastas/ISO17.fasta	/work/fastas/ISO14.fasta	99.8549	1650	1700
/work/fastas/ISO18.fasta	/work/fastas/ISO14.fasta	99.8006	1650	1700
/work/fastas/ISO19.fasta	/work/fastas/ISO14.fasta	97.6199	1650	1700
/work/fastas/ISO20.fasta	/work/fastas/ISO14.fasta	97.6145	1650	1700
/work/fastas/GCF_000005845.2.fasta	/work/fastas/ISO14.fasta	99.8165	1650	1700
/work/fastas/GCF_000010485.1.fasta	/work/fastas/ISO14.fasta	97.6274	1650	1700
/work/fastas/ISO01.fasta	/work/fastas/ISO15.fasta	97.6255	1650	1700
/work/fastas/ISO02.fasta	/work/fastas/ISO15.fasta	97.6354	1650	1700
/work/fastas/ISO03.fasta	/work/fastas/ISO15.fasta	97.6056	1650	1700
/work/fastas/ISO04.fasta	/work/fastas/ISO15.fasta	97.6414	1650	1700
/work/fastas/ISO05.fasta	/work/fastas/ISO15.fasta	97.6227	1650	1700
/work/fastas/ISO06.fasta	/work/fastas/ISO15.fasta	97.6687	1650	1700
/work/fastas/ISO07.fasta	/work/fastas/ISO15.fasta	97.6148	1650	1700
/work/fastas/ISO08.fasta	/work/fastas/ISO15.fasta	97.67	1650	1700
/work/fastas/ISO09.fasta	/work/fastas/ISO15.fasta	97.686	1650	1700
/work/fastas/ISO10.fasta	/work/fastas/ISO15.fasta	97.6686	1650	1700
/work/fastas/ISO11.fasta	/work/fastas/ISO15.fasta	97.6967	1650	1700
/work/fastas/ISO12.fasta	/work/fastas/ISO15.fasta	97.691	1650	1700
/work/fastas/ISO13.fasta	/work/fastas/ISO15.fasta	97.7251	1650	1700
/work/fastas/ISO14.fasta	/work/fastas/ISO15.fasta	99.7983	1650	1700
/work/fastas/ISO15.fasta	/work/fastas/ISO15.fasta	100	1650	1700
/work/fastas/ISO16.fasta	/work/fastas/ISO15.fasta	99.8302	1650	1700
/work/fastas/ISO17.fasta	/work/fastas/ISO15.fasta	99.8423	1650	1700
/work/fastas/ISO18.fasta	/work/fastas/ISO15.fasta	99.7871	1650	1700
/work/fastas/ISO19.fasta	/work/fastas/ISO15.fasta	97.6127	1650	1700
/work/fastas/ISO20.fasta	/work/fastas/ISO15.fasta	97.651	1650	1700
/work/fastas/GCF_000005845.2.fasta	/work/fastas/ISO15.fasta	99.8594	1650	1700
/work/fastas/GCF_000010485.1.fasta	/work/fastas/ISO15.fasta	97.6281	1650	1700
/work/fastas/ISO01.fasta	/work/fastas/ISO16.fasta	97.6647	1650	1700
/work/fastas/ISO02.fasta	/work/fastas/ISO16.fasta	97.6674	1650	1700
/work/fastas/ISO03.fasta	/work/fastas/ISO16.fasta	97.6401	1650	1700
/work/fastas/ISO04.fasta	/work/fastas/ISO16.fasta	97.6387	1650	1700
/work/fastas/ISO05.fasta	/work/fastas/ISO16.fasta	97.6569	1650	1700
/work/fastas/ISO06.fasta	/work/fastas/ISO16.fasta	97.6581	1650	1700
/work/fastas/ISO07.fasta	/work/fastas/ISO16.fasta	97.6444	1650	1700
/work/fastas/ISO08.fasta	/work/fastas/ISO16.fasta	97.625	1650	1700
/work/fastas/ISO09.fasta	/work/fastas/ISO16.fasta	97.7181	1650	1700
/work/fastas/ISO10.fasta	/work/fastas/ISO16.fasta	97.7315	1650	1700
/work/fastas/ISO11.fasta	/work/fastas/ISO16.fasta	97.7167	1650	1700
/work/fastas/ISO12.fasta	/work/fastas/ISO16.fasta	97.6918	1650	1700
/work/fastas/ISO13.fasta	/work/fastas/ISO16.fasta	97.6874	1650	1700
/work/fastas/ISO14.fasta	/work/fastas/ISO16.fasta	99.7843	1650	1700
/work/fastas/ISO15.fasta	/work/fastas/ISO16.fasta	99.818	1650	1700
/work/fastas/ISO16.fasta	/work/fastas/ISO16.fasta	100	1650	1700
/work/fastas/ISO17.fasta	/work/fastas/ISO16.fasta	99.7859	1650	1700
/work/fastas/ISO18.fasta	/work/fastas/ISO16.fasta	99.7826	1650	1700
/work/fastas/ISO19.fasta	/work/fastas/ISO16.fasta	97.6456	1650	1700
/work/fastas/ISO20.fasta	/work/fastas/ISO16.fasta	97.6273	1650	1700
/work/fastas/GCF_000005845.2.fasta	/work/fastas/ISO16.fasta	99.8571	1650	1700
/work/fastas/GCF_000010485.1.fasta	/work/fastas/ISO16.fasta	97.6551	1650	1700
/work/fastas/ISO01.fasta	/work/fastas/ISO17.fasta	97.6514	1650	1700
/work/fastas/ISO02.fasta	/work/fastas/ISO17.fasta	97.6322	1650	1700
/work/fastas/ISO03.fasta	/work/fastas/ISO17.fasta	97.6076	1650	1700
/work/fastas/ISO04.fasta	/work/fastas/ISO17.fasta	97.6224	1650	1700
/work/fastas/ISO05.fasta	/work/fastas/ISO17.fasta	97.6485	1650	1700
/work/fastas/ISO06.fasta	/work/fastas/ISO17.fasta	97.621	1650	1700
/work/fastas/ISO07.fasta	/work/fastas/ISO17.fasta	97.6483	1650	1700
/work/fastas/ISO08.fasta	/work/fastas/ISO17.fasta	97.6411	1650	1700
/work/fastas/ISO09.fasta	/work/fastas/ISO17.fasta	97.6844	1650	1700
/work/fastas/ISO10.fasta	/work/fastas/ISO17.fasta	97.7123	1650	1700
/work/fastas/ISO11.fasta	/work/fastas/ISO17.fasta	97.7124	1650	1700
/work/fastas/ISO12.fasta	/work/fastas/ISO17.fasta	97.7429	1650	1700
/work/fastas/ISO13.fasta	/work/fastas/ISO17.fasta	97.7405	1650	1700
/work/fastas/ISO14.fasta	/work/fastas/ISO17.fasta	99.8362	1650	1700
/work/fastas/ISO15.fasta	/work/fastas/ISO17.fasta	99.8101	1650	1700
/work/fastas/ISO16.fasta	/work/fastas/ISO17.fasta	99.7965	1650	1700
/work/fastas/ISO17.fasta	/work/fastas/ISO17.fasta	100	1650	1700
/work/fastas/ISO18.fasta	/work/fastas/ISO17.fasta	99.8258	1650	1700
/work/fastas/ISO19.fasta	/work/fastas/ISO17.fasta	97.6436	1650	1700
/work/fastas/ISO20.fasta	/work/fastas/ISO17.fasta	97.6448	1650	1700
/work/fastas/GCF_000005845.2.fasta	/work/fastas/ISO17.fasta	99.8627	1650	1700
/work/fastas/GCF_000010485.1.fasta	/work/fastas/ISO17.fasta	97.6353	1650	1700
/work/fastas/ISO01.fasta	/work/fastas/ISO18.fasta	97.6197	1650	1700
/work/fastas/ISO02.fasta	/work/fastas/ISO18.fasta	97.6541	1650	1700
/work/fastas/ISO03.fasta	/work/fastas/ISO18.fasta	97.603	1650	1700
/work/fastas/ISO04.fasta	/work/fastas/ISO18.fasta	97.6575	1650	1700
/work/fastas/ISO05.fasta	/work/fastas/ISO18.fasta	97.6438	1650	1700
/work/fastas/ISO06.fasta	/work/fastas/ISO18.fasta	97.6386	1650	1700
/work/fastas/ISO07.fasta	/work/fastas/ISO18.fasta	97.6446	1650	1700
/work/fastas/ISO08.fasta	/work/fastas/ISO18.fasta	97.6307	1650	1700
/work/fastas/ISO09.fasta	/work/fastas/ISO18.fasta	97.6661	1650	1700
/work/fastas/ISO10.fasta	/work/fastas/ISO18.fasta	97.6698	1650	1700
/work/fastas/ISO11.fasta	/work/fastas/ISO18.fasta	97.661	1650	1700
/work/fastas/ISO12.fasta	/work/fastas/ISO18.fasta	97.6637	1650	1700
/work/fastas/ISO13.fasta	/work/fastas/ISO18.fasta	97.6693	1650	1700
/work/fastas/ISO14.fasta	/work/fastas/ISO18.fasta	99.7639	1650	1700
/work/fastas/ISO15.fasta	/work/fastas/ISO18.fasta	99.8238	1650	1700
/work/fastas/ISO16.fasta	/work/fastas/ISO18.fasta	99.7892	1650	1700
/work/fastas/ISO17.fasta	/work/fastas/ISO18.fasta	99.7991	1650	1700
/work/fastas/ISO18.fasta	/work/fastas/ISO18.fasta	100	1650	1700
/work/fastas/ISO19.fasta	/work/fastas/ISO18.fasta	97.6403	1650	1700
/work/fastas/ISO20.fasta	/work/fastas/ISO18.fasta	97.6392	1650	1700
/work/fastas/GCF_000005845.2.fasta	/work/fastas/ISO18.fasta	99.824	1650	1700
/work/fastas/GCF_000010485.1.fasta	/work/fastas/ISO18.fasta	97.6636	1650	1700
/work/fastas/ISO01.fasta	/work/fastas/ISO19.fasta	97.6592	1650	1700
/work/fastas/ISO02.fasta	/work/fastas/ISO19.fasta	97.6807	1650	1700
/work/fastas/ISO03.fasta	/work/fastas/ISO19.fasta	97.6773	1650	1700
/work/fastas/ISO04.fasta	/work/fastas/ISO19.fasta	97.6727	1650	1700
/work/fastas/ISO05.fasta	/work/fastas/ISO19.fasta	97.6475	1650	1700
/work/fastas/ISO06.fasta	/work/fastas/ISO19.fasta	97.6499	1650	1700
/work/fastas/ISO07.fasta	/work/fastas/ISO19.fasta	97.6395	1650	1700
/work/fastas/ISO08.fasta	/work/fastas/ISO19.fasta	97.6565	1650	1700
/work/fastas/ISO09.fasta	/work/fastas/ISO19.fasta	97.6092	1650	1700
/work/fastas/ISO10.fasta	/work/fastas/ISO19.fasta	97.6053	1650	1700
/work/fastas/ISO11.fasta	/work/fastas/ISO19.fasta	97.6031	1650	1700
/work/fastas/ISO12.fasta	/work/fastas/ISO19.fasta	97.6348	1650	1700
/work/fastas/ISO13.fasta	/work/fastas/ISO19.fasta	97.6239	1650	1700
/work/fastas/ISO14.fasta	/work/fastas/ISO19.fasta	97.6175	1650	1700
/work/fastas/ISO15.fasta	/work/fastas/ISO19.fasta	97.642	1650	1700
/work/fastas/ISO16.fasta	/work/fastas/ISO19.fasta	97.6027	1650	1700
/work/fastas/ISO17.fasta	/work/fastas/ISO19.fasta	97.6475	1650	1700
/work/fastas/ISO18.fasta	/work/fastas/ISO19.fasta	97.6277	1650	1700
/work/fastas/ISO19.fasta	/work/fastas/ISO19.fasta	100	1650	1700
/work/fastas/ISO20.fasta	/work/fastas/ISO19.fasta	99.8291	1650	1700
/work/fastas/GCF_000005845.2.fasta	/work/fastas/ISO19.fasta	97.657	1650	1700
/work/fastas/GCF_000010485.1.fasta	/work/fastas/ISO19.fasta	97.6708	1650	1700
/work/fastas/ISO01.fasta	/work/fastas/ISO20.fasta	97.6684	1650	1700
/work/fastas/ISO02.fasta	/work/fastas/ISO20.fasta	97.6399	1650	1700
/work/fastas/ISO03.fasta	/work/fastas/ISO20.fasta	97.634	1650	1700
/work/fastas/ISO04.fasta	/work/fastas/ISO20.fasta	97.6529	1650	1700
/work/fastas/ISO05.fasta	/work/fastas/ISO20.fasta	97.6237	1650	1700
/work/fastas/ISO06.fasta	/work/fastas/ISO20.fasta	97.6624	1650	1700
/work/fastas/ISO07.fasta	/work/fastas/ISO20.fasta	97.641	1650	1700
/work/fastas/ISO08.fasta	/work/fastas/ISO20.fasta	97.6151	1650	1700
/work/fastas/ISO09.fasta	/work/fastas/ISO20.fasta	97.6191	1650	1700
/work/fastas/ISO10.fasta	/work/fastas/ISO20.fasta	97.6349	1650	1700
/work/fastas/ISO11.fasta	/work/fastas/ISO20.fasta	97.5903	1650	1700
/work/fastas/ISO12.fasta	/work/fastas/ISO20.fasta	97.6033	1650	1700
/work/fastas/ISO13.fasta	/work/fastas/ISO20.fasta	97.6038	1650	1700
/work/fastas/ISO14.fasta	/work/fastas/ISO20.fasta	97.6404	1650	1700
/work/fastas/ISO15.fasta	/work/fastas/ISO20.fasta	97.6534	1650	1700
/work/fastas/ISO16.fasta	/work/fastas/ISO20.fasta	97.6084	1650	1700
/work/fastas/ISO17.fasta	/work/fastas/ISO20.fasta	97.6526	1650	1700
/work/fastas/ISO18.fasta	/work/fastas/ISO20.fasta	97.6316	1650	1700
/work/fastas/ISO19.fasta	/work/fastas/ISO20.fasta	99.8264	1650	1700
/work/fastas/ISO20.fasta	/work/fastas/ISO20.fasta	100	1650	1700
/work/fastas/GCF_000005845.2.fasta	/work/fastas/ISO20.fasta	97.6208	1650	1700
/work/fastas/GCF_000010485.1.fasta	/work/fastas/ISO20.fasta	97.6625	1650	1700
/work/fastas/ISO01.fasta	/work/fastas/GCF_000005845.2.fasta	97.657	1650	1700
/work/fastas/ISO02.fasta	/work/fastas/GCF_000005845.2.fasta	97.6171	1650	1700
/work/fastas/ISO03.fasta	/work/fastas/GCF_000005845.2.fasta	97.6444	1650	1700
/work/fastas/ISO04.fasta	/work/fastas/GCF_000005845.2.fasta	97.639	1650	1700
/work/fastas/ISO05.fasta	/work/fastas/GCF_000005845.2.fasta	97.6534	1650	1700
/work/fastas/ISO06.fasta	/work/fastas/GCF_000005845.2.fasta	97.6445	1650	1700
/work/fastas/ISO07.fasta	/work/fastas/GCF_000005845.2.fasta	97.6408	1650	1700
/work/fastas/ISO08.fasta	/work/fastas/GCF_000005845.2.fasta	97.6655	1650	1700
/work/fastas/ISO09.fasta	/work/fastas/GCF_000005845.2.fasta	97.7096	1650	1700
/work/fastas/ISO10.fasta	/work/fastas/GCF_000005845.2.fasta	97.6902	1650	1700
/work/fastas/ISO11.fasta	/work/fastas/GCF_000005845.2.fasta	97.7042	1650	1700
/work/fastas/ISO12.fasta	/work/fastas/GCF_000005845.2.fasta	97.7313	1650	1700
/work/fastas/ISO13.fasta	/work/fastas/GCF_000005845.2.fasta	97.7142	1650	1700
/work/fastas/ISO14.fasta	/work/fastas/GCF_000005845.2.fasta	99.8658	1650	1700
/work/fastas/ISO15.fasta	/work/fastas/GCF_000005845.2.fasta	99.8141	1650	1700
/work/fastas/ISO16.fasta	/work/fastas/GCF_000005845.2.fasta	99.8725	1650	1700
/work/fastas/ISO17.fasta	/work/fastas/GCF_000005845.2.fasta	99.8381	1650	1700
/work/fastas/ISO18.fasta	/work/fastas/GCF_000005845.2.fasta	99.7872	1650	1700
/work/fastas/ISO19.fasta	/work/fastas/GCF_000005845.2.fasta	97.6091	1650	1700
/work/fastas/ISO20.fasta	/work/fastas/GCF_000005845.2.fasta	97.5997	1650	1700
/work/fastas/GCF_000005845.2.fasta	/work/fastas/GCF_000005845.2.fasta	100	1650	1700
/work/fastas/GCF_000010485.1.fasta	/work/fastas/GCF_000005845.2.fasta	97.6284	1650	1700
/work/fastas/ISO01.fasta	/work/fastas/GCF_000010485.1.fasta	99.8687	1650	1700
/work/fastas/ISO02.fasta	/work/fastas/GCF_000010485.1.fasta	99.8297	1650	1700
/work/fastas/ISO03.fasta	/work/fastas/GCF_000010485.1.fasta	99.8226	1650	1700
/work/fastas/ISO04.fasta	/work/fastas/GCF_000010485.1.fasta	99.8873	1650	1700
/work/fastas/ISO05.fasta	/work/fastas/GCF_000010485.1.fasta	99.8524	1650	1700
/work/fastas/ISO06.fasta	/work/fastas/GCF_000010485.1.fasta	99.8537	1650	1700
/work/fastas/ISO07.fasta	/work/fastas/GCF_000010485.1.fasta	99.8271	1650	1700
/work/fastas/ISO08.fasta	/work/fastas/GCF_000010485.1.fasta	99.7861	1650	1700
/work/fastas/ISO09.fasta	/work/fastas/GCF_000010485.1.fasta	97.7164	1650	1700
/work/fastas/ISO10.fasta	/work/fastas/GCF_000010485.1.fasta	97.741	1650	1700
/work/fastas/ISO11.fasta	/work/fastas/GCF_000010485.1.fasta	97.697	1650	1700
/work/fastas/ISO12.fasta	/work/fastas/GCF_000010485.1.fasta	97.7273	1650	1700
/work/fastas/ISO13.fasta	/work/fastas/GCF_000010485.1.fasta	97.7303	1650	1700
/work/fastas/ISO14.fasta	/work/fastas/GCF_000010485.1.fasta	97.6239	1650	1700
/work/fastas/ISO15.fasta	/work/fastas/GCF_000010485.1.fasta	97.6204	1650	1700
/work/fastas/ISO16.fasta	/work/fastas/GCF_000010485.1.fasta	97.6661	1650	1700
/work/fastas/ISO17.fasta	/work/fastas/GCF_000010485.1.fasta	97.6434	1650	1700
/work/fastas/ISO18.fasta	/work/fastas/GCF_000010485.1.fasta	97.6143	1650	1700
/work/fastas/ISO19.fasta	/work/fastas/GCF_000010485.1.fasta	97.6475	1650	1700
/work/fastas/ISO20.fasta	/work/fastas/GCF_000010485.1.fasta	97.6244	1650	1700
/work/fastas/GCF_000005845.2.fasta	/work/fastas/GCF_000010485.1.fasta	97.6146	1650	1700
/work/fastas/GCF_000010485.1.fasta	/work/fastas/GCF_000010485.1.fasta	100	1650	1700
