Gene_ID	C1	C2	C3	C4
S1___NODE_1_length_1000_cov_2.0_1	1.9513	0.4025	1.7828	2.5696
S1___NODE_2_length_1000_cov_2.0_1	0.0412	3.6093	0.2913	1.0097
S1___NODE_3_length_1000_cov_2.0_1	0.502	0.2856	0.2328	1.2863
S1___NODE_4_length_1000_cov_2.0_1	2.9082	0.801	0.1928	0.854
S1___NODE_5_length_1000_cov_2.0_1	0.7121	4.6338	1.1107	0.3638
S2___NODE_6_length_1000_cov_2.0_1	1.5588	0.2646	0.6909	0.4793
S2___NODE_7_length_1000_cov_2.0_1	1.2758	0.1933	0.44	0.6436
S2___NODE_8_length_1000_cov_2.0_1	0.1146	1.4561	1.4963	0.5083
S2___NODE_9_length_1000_cov_2.0_1	0.071	2.0873	1.339	1.959
S2___NODE_10_length_1000_cov_2.0_1	0.4192	1.0511	0.4801	0.3485
S3___NODE_11_length_1000_cov_2.0_1	0.6676	1.4702	0.4525	3.6592
S3___NODE_12_length_1000_cov_2.0_1	0.5282	0.643	0.4538	0.3858
S3___NODE_13_length_1000_cov_2.0_1	0.7571	0.1154	0.9515	1.6458
S3___NODE_14_length_1000_cov_2.0_1	0.4816	0.7456	0.0688	1.9226
S3___NODE_15_length_1000_cov_2.0_1	0.8313	3.8117	0.6304	1.0118
S10___NODE_16_length_1000_cov_2.0_1	0.2386	0.094	0.9367	0.011
S10___NODE_17_length_1000_cov_2.0_1	1.0249	2.3059	0.4817	0.0385
S10___NODE_18_length_1000_cov_2.0_1	2.2458	0.5163	1.4505	0.9313
S10___NODE_19_length_1000_cov_2.0_1	2.9078	3.4847	0.2723	1.3432
S10___NODE_20_length_1000_cov_2.0_1	0.401	2.2945	1.0841	0.6266
S11___NODE_21_length_1000_cov_2.0_1	0.7197	0.7361	1.5577	1.181
S11___NODE_22_length_1000_cov_2.0_1	2.4869	0.5258	1.9272	0.6604
S11___NODE_23_length_1000_cov_2.0_1	0.9859	3.4763	0.3829	0.311
S11___NODE_24_length_1000_cov_2.0_1	0.7865	0.9957	2.0822	0.4696
S11___NODE_25_length_1000_cov_2.0_1	3.2898	2.7476	0.7705	1.5928
S12___NODE_26_length_1000_cov_2.0_1	0.1221	1.704	0.4992	0.4645
S12___NODE_27_length_1000_cov_2.0_1	1.4397	0.8731	3.0709	3.2236
S12___NODE_28_length_1000_cov_2.0_1	2.0661	0.3268	0.4595	1.3317
S12___NODE_29_length_1000_cov_2.0_1	0.9689	0.8054	0.2526	0.6293
S12___NODE_30_length_1000_cov_2.0_1	0.7334	0.7033	0.0166	2.2316
C1___NODE_1_length_900_cov_3.0_1	0.2424	3.1178	0.5316	0.3824
C1___NODE_2_length_900_cov_3.0_1	0.565	2.0694	0.1247	2.5147
C1___NODE_3_length_900_cov_3.0_1	2.2701	0.6654	0.7438	0.8285
C1___NODE_4_length_900_cov_3.0_1	1.9823	0.2834	0.0832	0.8695
C1___NODE_5_length_900_cov_3.0_1	0.2928	1.6356	0.0868	1.2965
C2___NODE_6_length_900_cov_3.0_1	0.6793	1.7773	1.0265	0.2082
C2___NODE_7_length_900_cov_3.0_1	1.6694	1.3402	1.3274	0.1801
C2___NODE_8_length_900_cov_3.0_1	0.1792	1.2029	0.1953	0.4214
C2___NODE_9_length_900_cov_3.0_1	1.5165	0.1092	0.7372	1.2488
C2___NODE_10_length_900_cov_3.0_1	1.0024	1.0471	1.6979	1.2732
