Sample_file	Genome_file	Taxonomic_abundance	Sequence_abundance	Adjusted_ANI	Eff_cov	ANI_5-95_percentile	Eff_lambda	Lambda_5-95_percentile	Median_cov	Mean_cov_geq1	Containment_ind	Naive_ANI	kmers_reassigned	Contig_name
S1.clean_1.fastq.gz	db/GCF_000001.1_genomic.fna.gz	4.3289	4.3289	98.5	2.664	NA-NA	2.398	NA-NA	3	2.664	13955/15000	98.5	0	GCF_000001.1 contig_1
S1.clean_1.fastq.gz	db/GCF_000002.1_genomic.fna.gz	1.9911	1.9911	98.5	1.496	NA-NA	1.346	NA-NA	1	1.496	70/15000	98.5	0	GCF_000002.1 contig_1
S1.clean_1.fastq.gz	db/GCF_000003.1_genomic.fna.gz	26.4438	26.4438	98.5	13.722	NA-NA	12.35	NA-NA	14	13.722	15000/15000	98.5	0	GCF_000003.1 contig_1
S1.clean_1.fastq.gz	db/GCF_000004.1_genomic.fna.gz	36.5768	36.5768	98.5	18.788	NA-NA	HIGH	NA-NA	19	18.788	15000/15000	98.5	0	GCF_000004.1 contig_1
S1.clean_1.fastq.gz	db/GCF_000006.1_genomic.fna.gz	30.6595	30.6595	98.5	15.83	NA-NA	HIGH	NA-NA	16	15.83	15000/15000	98.5	0	GCF_000006.1 contig_1
S2.clean_1.fastq.gz	db/GCF_000001.1_genomic.fna.gz	4.1224	4.1224	98.5	2.561	NA-NA	2.305	NA-NA	3	2.561	70/15000	98.5	0	GCF_000001.1 contig_1
S2.clean_1.fastq.gz	db/GCF_000002.1_genomic.fna.gz	6.3228	6.3228	98.5	3.661	NA-NA	3.295	NA-NA	4	3.661	14614/15000	98.5	0	GCF_000002.1 contig_1
S2.clean_1.fastq.gz	db/GCF_000003.1_genomic.fna.gz	8.2777	8.2777	98.5	4.639	NA-NA	4.175	NA-NA	5	4.639	14855/15000	98.5	0	GCF_000003.1 contig_1
S2.clean_1.fastq.gz	db/GCF_000004.1_genomic.fna.gz	16.5735	16.5735	98.5	8.787	NA-NA	7.908	NA-NA	9	8.787	14998/15000	98.5	0	GCF_000004.1 contig_1
S2.clean_1.fastq.gz	db/GCF_000006.1_genomic.fna.gz	64.7037	64.7037	98.5	32.852	NA-NA	HIGH	NA-NA	33	32.852	15000/15000	98.5	0	GCF_000006.1 contig_1
S3.clean_1.fastq.gz	db/GCF_000001.1_genomic.fna.gz	7.9216	7.9216	98.5	4.461	NA-NA	4.015	NA-NA	4	4.461	14827/15000	98.5	0	GCF_000001.1 contig_1
S3.clean_1.fastq.gz	db/GCF_000002.1_genomic.fna.gz	59.4388	59.4388	98.5	30.219	NA-NA	HIGH	NA-NA	30	30.219	15000/15000	98.5	0	GCF_000002.1 contig_1
S3.clean_1.fastq.gz	db/GCF_000003.1_genomic.fna.gz	2.6597	2.6597	98.5	1.83	NA-NA	1.647	NA-NA	2	1.83	70/15000	98.5	0	GCF_000003.1 contig_1
S3.clean_1.fastq.gz	db/GCF_000004.1_genomic.fna.gz	14.4123	14.4123	98.5	7.706	NA-NA	6.935	NA-NA	8	7.706	14993/15000	98.5	0	GCF_000004.1 contig_1
S3.clean_1.fastq.gz	db/GCF_000006.1_genomic.fna.gz	15.5676	15.5676	98.5	8.284	NA-NA	7.456	NA-NA	8	8.284	14996/15000	98.5	0	GCF_000006.1 contig_1
S10.clean_1.fastq.gz	db/GCF_000001.1_genomic.fna.gz	5.1978	5.1978	98.5	3.099	NA-NA	2.789	NA-NA	3	3.099	14324/15000	98.5	0	GCF_000001.1 contig_1
S10.clean_1.fastq.gz	db/GCF_000002.1_genomic.fna.gz	4.2909	4.2909	98.5	2.645	NA-NA	2.381	NA-NA	3	2.645	70/15000	98.5	0	GCF_000002.1 contig_1
S10.clean_1.fastq.gz	db/GCF_000003.1_genomic.fna.gz	23.8965	23.8965	98.5	12.448	NA-NA	11.203	NA-NA	12	12.448	15000/15000	98.5	0	GCF_000003.1 contig_1
S10.clean_1.fastq.gz	db/GCF_000004.1_genomic.fna.gz	10.5714	10.5714	98.5	5.786	NA-NA	5.207	NA-NA	6	5.786	14954/15000	98.5	0	GCF_000004.1 contig_1
S10.clean_1.fastq.gz	db/GCF_000005.1_genomic.fna.gz	56.0434	56.0434	98.5	28.522	NA-NA	HIGH	NA-NA	29	28.522	15000/15000	98.5	0	GCF_000005.1 contig_1
S11.clean_1.fastq.gz	db/GCF_000001.1_genomic.fna.gz	10.982	10.982	98.5	5.991	NA-NA	5.392	NA-NA	6	5.991	14962/15000	98.5	0	GCF_000001.1 contig_1
S11.clean_1.fastq.gz	db/GCF_000002.1_genomic.fna.gz	54.4032	54.4032	98.5	27.702	NA-NA	HIGH	NA-NA	28	27.702	15000/15000	98.5	0	GCF_000002.1 contig_1
S11.clean_1.fastq.gz	db/GCF_000003.1_genomic.fna.gz	22.8434	22.8434	98.5	11.922	NA-NA	10.73	NA-NA	12	11.922	15000/15000	98.5	0	GCF_000003.1 contig_1
S11.clean_1.fastq.gz	db/GCF_000004.1_genomic.fna.gz	0.8929	0.8929	98.5	0.946	NA-NA	0.851	NA-NA	1	0.946	70/15000	98.5	0	GCF_000004.1 contig_1
S11.clean_1.fastq.gz	db/GCF_000005.1_genomic.fna.gz	10.8786	10.8786	98.5	5.939	NA-NA	5.345	NA-NA	6	5.939	14960/15000	98.5	0	GCF_000005.1 contig_1
S12.clean_1.fastq.gz	db/GCF_000001.1_genomic.fna.gz	37.0113	37.0113	98.5	19.006	NA-NA	HIGH	NA-NA	19	19.006	15000/15000	98.5	0	GCF_000001.1 contig_1
S12.clean_1.fastq.gz	db/GCF_000002.1_genomic.fna.gz	15.1443	15.1443	98.5	8.072	NA-NA	7.265	NA-NA	8	8.072	14995/15000	98.5	0	GCF_000002.1 contig_1
S12.clean_1.fastq.gz	db/GCF_000003.1_genomic.fna.gz	12.7708	12.7708	98.5	6.885	NA-NA	6.197	NA-NA	7	6.885	14985/15000	98.5	0	GCF_000003.1 contig_1
S12.clean_1.fastq.gz	db/GCF_000004.1_genomic.fna.gz	7.5189	7.5189	98.5	4.259	NA-NA	3.833	NA-NA	4	4.259	70/15000	98.5	0	GCF_000004.1 contig_1
S12.clean_1.fastq.gz	db/GCF_000005.1_genomic.fna.gz	27.5547	27.5547	98.5	14.277	NA-NA	12.849	NA-NA	14	14.277	15000/15000	98.5	0	GCF_000005.1 contig_1
