genome	coverage	breadth	nucl_diversity	length	breadth_minCov	popANI_reference	SNV_count
S22.metabat2.1	28.73	0.983	0.003267	3e+06	0.773	0.999825	4782
S21.metabat2.2	53.95	0.705	0.001892	3e+06	0.849	0.997492	4882
S01.metabat2.3	5.69	0.763	0.001322	3e+06	0.309	0.998679	4949
S08.metabat2.4	9.15	0.903	0.001563	3e+06	0.484	0.998295	4710
S20.metabat2.5	36.19	0.755	0.002351	3e+06	0.275	0.997181	4824
S10.metabat2.6	50.9	0.927	0.001354	3e+06	0.478	0.998483	4765
S24.metabat2.7	37.82	0.963	0.000947	3e+06	0.731	0.999616	4745
S24.metabat2.8	47.3	0.734	0.002728	3e+06	0.762	0.999381	4896
S14.metabat2.9	4.54	0.818	0.001325	3e+06	0.627	0.997532	4861
S13.metabat2.10	10.62	0.863	0.001817	3e+06	0.308	0.998246	4759
