sample_a	sample_b	n_genomes_compared	n_same_strain
S1.bam	C1.bam	3	1
S10.bam	C1.bam	3	0
S11.bam	C1.bam	3	0
S12.bam	C1.bam	3	0
S2.bam	C1.bam	3	0
S3.bam	C1.bam	3	0
C1.bam	C2.bam	3	0
S1.bam	C2.bam	3	0
S10.bam	C2.bam	3	0
S11.bam	C2.bam	3	0
S12.bam	C2.bam	3	0
S2.bam	C2.bam	3	0
S3.bam	C2.bam	3	0
S1.bam	S10.bam	3	0
S2.bam	S10.bam	3	0
S3.bam	S10.bam	3	0
S1.bam	S11.bam	3	0
S10.bam	S11.bam	3	0
S2.bam	S11.bam	3	0
S3.bam	S11.bam	3	0
S1.bam	S12.bam	3	0
S10.bam	S12.bam	3	0
S11.bam	S12.bam	3	0
S2.bam	S12.bam	3	0
S3.bam	S12.bam	3	0
S1.bam	S2.bam	3	1
S1.bam	S3.bam	3	0
S2.bam	S3.bam	3	0
