genome	sample_a	sample_b	popANI	conANI	percent_genome_compared	coverage_overlap	cluster_a	cluster_b	same_strain
S1.metabat2.1	S1.bam	S2.bam	0.999995	0.999895		0.018	1_1	1_2	TRUE
S1.metabat2.1	S1.bam	S3.bam	0.9999686	0.9998686		0.391	1_1	1_2	FALSE
S1.metabat2.1	S1.bam	S10.bam	0.999598	0.999498		0.484	1_1	1_2	FALSE
S1.metabat2.1	S1.bam	S11.bam	0.9997974	0.9996974		0.609	1_1	1_2	FALSE
S1.metabat2.1	S1.bam	S12.bam	0.9998039	0.9997039		0.69	1_1	1_2	FALSE
S1.metabat2.1	S2.bam	S3.bam	0.9999424	0.9998424		0.011	1_1	1_2	FALSE
S1.metabat2.1	S2.bam	S10.bam	0.9990409	0.9989409		0.632	1_1	1_2	FALSE
S1.metabat2.1	S2.bam	S11.bam	0.9995923	0.9994923		0.818	1_1	1_2	FALSE
S1.metabat2.1	S2.bam	S12.bam	0.9990681	0.9989681		0.789	1_1	1_2	FALSE
S1.metabat2.1	S3.bam	S10.bam	0.9999652	0.9998652		0.139	1_1	1_2	FALSE
S1.metabat2.1	S3.bam	S11.bam	0.9999674	0.9998674		0.077	1_1	1_2	FALSE
S1.metabat2.1	S3.bam	S12.bam	0.9992617	0.9991617		0.415	1_1	1_2	FALSE
S1.metabat2.1	S10.bam	S11.bam	0.9996374	0.9995374		0.061	1_1	1_2	FALSE
S1.metabat2.1	S10.bam	S12.bam	0.9999566	0.9998566		0.232	1_1	1_2	FALSE
S1.metabat2.1	S11.bam	S12.bam	0.9997305	0.9996305		0.529	1_1	1_2	FALSE
S11.metabat2.4	S1.bam	S2.bam	0.9995723	0.9994723		0.612	1_1	1_2	FALSE
S11.metabat2.4	S1.bam	S3.bam	0.9994052	0.9993052		0.818	1_1	1_2	FALSE
S11.metabat2.4	S1.bam	S10.bam	0.9991704	0.9990704		0.32	1_1	1_2	FALSE
S11.metabat2.4	S1.bam	S11.bam	0.9992193	0.9991193		0.375	1_1	1_2	FALSE
S11.metabat2.4	S1.bam	S12.bam	0.9992625	0.9991625		0.48	1_1	1_2	FALSE
S11.metabat2.4	S2.bam	S3.bam	0.9999188	0.9998188		0.878	1_1	1_2	FALSE
S11.metabat2.4	S2.bam	S10.bam	0.9995845	0.9994845		0.783	1_1	1_2	FALSE
S11.metabat2.4	S2.bam	S11.bam	0.9996057	0.9995057		0.267	1_1	1_2	FALSE
S11.metabat2.4	S2.bam	S12.bam	0.9996321	0.9995321		0.104	1_1	1_2	FALSE
S11.metabat2.4	S3.bam	S10.bam	0.9997162	0.9996162		0.894	1_1	1_2	FALSE
S11.metabat2.4	S3.bam	S11.bam	0.99972	0.99962		0.286	1_1	1_2	FALSE
S11.metabat2.4	S3.bam	S12.bam	0.9994741	0.9993741		0.925	1_1	1_2	FALSE
S11.metabat2.4	S10.bam	S11.bam	0.9991388	0.9990388		0.741	1_1	1_2	FALSE
S11.metabat2.4	S10.bam	S12.bam	0.9996849	0.9995849		0.777	1_1	1_2	FALSE
S11.metabat2.4	S11.bam	S12.bam	0.9992345	0.9991345		0.019	1_1	1_2	FALSE
