Name	Completeness	Contamination	Completeness_Model_Used	Translation_Table_Used	Coding_Density	Contig_N50	Average_Gene_Length	Genome_Size	GC_Content	Total_Coding_Sequences	Total_Contigs	Max_Contig_Length	Additional_Notes
S22.metabat2.1	86.81	3.1	Gradient Boost (General Model)	11	0.89	14408	310	2851612	0.46	2800	208	3e+05	None
S21.metabat2.2	95.9	0.61	Gradient Boost (General Model)	11	0.89	47709	310	2748236	0.46	2800	285	3e+05	None
S01.metabat2.3	88.91	1.31	Gradient Boost (General Model)	11	0.89	80309	310	2830852	0.46	2800	112	3e+05	None
S08.metabat2.4	93.96	4.66	Gradient Boost (General Model)	11	0.89	86931	310	3606989	0.46	2800	192	3e+05	None
S20.metabat2.5	72.14	0.45	Gradient Boost (General Model)	11	0.89	16450	310	2218126	0.46	2800	280	3e+05	None
S10.metabat2.6	84.57	0.68	Gradient Boost (General Model)	11	0.89	12407	310	2022520	0.46	2800	232	3e+05	None
S24.metabat2.7	98.71	3.56	Gradient Boost (General Model)	11	0.89	19134	310	2177225	0.46	2800	146	3e+05	None
S24.metabat2.8	80.83	0.77	Gradient Boost (General Model)	11	0.89	37878	310	2791425	0.46	2800	162	3e+05	None
S14.metabat2.9	99.1	2.85	Gradient Boost (General Model)	11	0.89	27939	310	3796904	0.46	2800	252	3e+05	None
S13.metabat2.10	99.5	2.52	Gradient Boost (General Model)	11	0.89	43917	310	3731044	0.46	2800	223	3e+05	None
