"sampleA","sampleB","date difference","SNP distance","transmission distance","expected K","filtered SNP distance","sites considered","MSA file"
"S1","S2",NA,34,NA,NA,21,959969,"S1.metabat2.1"
"S1","S3",NA,46,NA,NA,36,780455,"S1.metabat2.1"
"S1","S10",NA,50,NA,NA,41,1294994,"S1.metabat2.1"
"S1","S11",NA,44,NA,NA,36,907207,"S1.metabat2.1"
"S1","S12",NA,45,NA,NA,39,777102,"S1.metabat2.1"
"S2","S3",NA,51,NA,NA,39,1123458,"S1.metabat2.1"
"S2","S10",NA,48,NA,NA,40,1144538,"S1.metabat2.1"
"S2","S11",NA,34,NA,NA,20,1894075,"S1.metabat2.1"
"S2","S12",NA,43,NA,NA,29,643814,"S1.metabat2.1"
"S3","S10",NA,39,NA,NA,27,1519297,"S1.metabat2.1"
"S3","S11",NA,42,NA,NA,33,748940,"S1.metabat2.1"
"S3","S12",NA,35,NA,NA,28,1948243,"S1.metabat2.1"
"S10","S11",NA,53,NA,NA,44,545664,"S1.metabat2.1"
"S10","S12",NA,48,NA,NA,38,1959177,"S1.metabat2.1"
"S11","S12",NA,43,NA,NA,25,1627206,"S1.metabat2.1"
"S1","S2",NA,33,NA,NA,20,942413,"S11.metabat2.4"
"S1","S3",NA,34,NA,NA,26,1475124,"S11.metabat2.4"
"S1","S10",NA,46,NA,NA,34,1024468,"S11.metabat2.4"
"S1","S11",NA,43,NA,NA,30,1766190,"S11.metabat2.4"
"S1","S12",NA,26,NA,NA,16,791595,"S11.metabat2.4"
"S2","S3",NA,41,NA,NA,30,662319,"S11.metabat2.4"
"S2","S10",NA,37,NA,NA,31,1015759,"S11.metabat2.4"
"S2","S11",NA,35,NA,NA,21,1472842,"S11.metabat2.4"
"S2","S12",NA,41,NA,NA,28,1588102,"S11.metabat2.4"
"S3","S10",NA,48,NA,NA,40,1522198,"S11.metabat2.4"
"S3","S11",NA,35,NA,NA,26,1298918,"S11.metabat2.4"
"S3","S12",NA,40,NA,NA,23,840410,"S11.metabat2.4"
"S10","S11",NA,35,NA,NA,28,1444531,"S11.metabat2.4"
"S10","S12",NA,34,NA,NA,23,1274425,"S11.metabat2.4"
"S11","S12",NA,40,NA,NA,30,983466,"S11.metabat2.4"
"S1","C1",NA,57,NA,NA,43,1312792,"S1.metabat2.1"
"S1","C2",NA,52,NA,NA,42,707141,"S1.metabat2.1"
"S2","C1",NA,55,NA,NA,38,1989653,"S1.metabat2.1"
"S2","C2",NA,63,NA,NA,53,1278385,"S1.metabat2.1"
"S3","C1",NA,57,NA,NA,44,891635,"S1.metabat2.1"
"S3","C2",NA,79,NA,NA,65,1946648,"S1.metabat2.1"
"S10","C1",NA,64,NA,NA,53,1830690,"S1.metabat2.1"
"S10","C2",NA,61,NA,NA,49,1416754,"S1.metabat2.1"
"S11","C1",NA,65,NA,NA,56,1642263,"S1.metabat2.1"
"S11","C2",NA,55,NA,NA,48,1779730,"S1.metabat2.1"
"S12","C1",NA,64,NA,NA,56,1129575,"S1.metabat2.1"
"S12","C2",NA,59,NA,NA,49,632491,"S1.metabat2.1"
"C1","C2",NA,43,NA,NA,34,1881370,"S1.metabat2.1"
